gid,role,role_score,cluster_id,priority_score,evidence
100000000011452100,consolidator,0.62,0,0.591733,"Признаки консолидации: 3 плательщиков, вход 110,000 KZT; исходящие 16,685 KZT."
100000000018102100,peripheral,0.2,0,0.307532,"Граница 4-го колена: вход 7,000 KZT, исходящие дальше не наблюдаются; роль получателя не доказана."
100000000031787100,transit,0.9,1,0.37928,"Признаки транзита: вход 90,000, выход 90,000 KZT; наблюдаемое отношение 1.00."
100000000041368100,terminal,0.796646,2,0.60607,"Нет наблюдаемых исходящих; вход от 1 плательщиков на 160,000 KZT. Вне выборки потоки неизвестны."
100000000076451100,consolidator,0.62,3,0.708917,"Признаки консолидации: 3 плательщиков, вход 87,707 KZT; исходящие 58,000 KZT."
100000000089154100,distributor,0.7,0,0.492747,"Признаки распределения: 15 получателей, 21 переводов, исходящие 425,500 KZT."
100000000190228100,peripheral,0.2,4,0.457131,"Недостаточно признаков роли: входящих связей 1, исходящих 1, глубина 2."
100000000201868100,transit,0.9,5,0.528146,"Признаки транзита: вход 190,000, выход 190,000 KZT; наблюдаемое отношение 1.00."
100000000254336100,peripheral,0.2,0,0.549886,"Недостаточно признаков роли: входящих связей 2, исходящих 1, глубина 3."
100000000267734100,peripheral,0.2,1,0.555641,"Недостаточно признаков роли: входящих связей 2, исходящих 7, глубина 1."
100000000274067100,peripheral,0.2,1,0.514049,"Недостаточно признаков роли: входящих связей 2, исходящих 3, глубина 1."
100000000287768100,terminal,0.662285,0,0.352494,"Нет наблюдаемых исходящих; вход от 1 плательщиков на 35,168 KZT. Вне выборки потоки неизвестны."
100000000288317100,peripheral,0.2,0,0.637876,"Недостаточно признаков роли: входящих связей 2, исходящих 3, глубина 3."
100000000291906100,transit,0.550237,6,0.750669,"Признаки транзита: вход 388,000, выход 455,854 KZT; наблюдаемое отношение 1.17."
100000000291908100,peripheral,0.2,6,0.607841,"Недостаточно признаков роли: входящих связей 1, исходящих 1, глубина 3."
100000000297649100,peripheral,0.2,7,0.531097,"Недостаточно признаков роли: входящих связей 1, исходящих 1, глубина 2."
100000000299820100,peripheral,0.2,8,0.338712,"Граница 4-го колена: вход 10,000 KZT, исходящие дальше не наблюдаются; роль получателя не доказана."
100000000307908100,terminal,0.505168,9,0.154421,"Нет наблюдаемых исходящих; вход от 1 плательщиков на 5,000 KZT. Вне выборки потоки неизвестны."
100000000331309100,coordinator,0.886588,10,0.841169,"Признаки координации: доступен от 7 seed, связей между кластерами 13; посредничество 0.0028."
100000000332284100,consolidator,0.9,10,0.731849,"Признаки консолидации: 10 плательщиков, вход 107,426 KZT; исходящие 289,500 KZT."
100000000343175100,coordinator,0.874753,11,0.780623,"Признаки координации: доступен от 7 seed, связей между кластерами 9; посредничество 0.0009."
100000000369781100,peripheral,0.2,10,0.324047,"Граница 4-го колена: вход 5,000 KZT, исходящие дальше не наблюдаются; роль получателя не доказана."
100000000375150100,peripheral,0.2,12,0.674268,"Граница 4-го колена: вход 300,000 KZT, исходящие дальше не наблюдаются; роль получателя не доказана."
100000000404740100,peripheral,0.2,13,0.40385,"Граница 4-го колена: вход 25,000 KZT, исходящие дальше не наблюдаются; роль получателя не доказана."
100000000408846100,terminal,0.674705,14,0.380364,"Нет наблюдаемых исходящих; вход от 1 плательщиков на 40,500 KZT. Вне выборки потоки неизвестны."
100000000413678100,peripheral,0.2,8,0.68005,"Недостаточно признаков роли: входящих связей 2, исходящих 3, глубина 3."
100000000424935100,peripheral,0.2,15,0.321892,"Граница 4-го колена: вход 15,000 KZT, исходящие дальше не наблюдаются; роль получателя не доказана."
100000000425407100,terminal,0.598368,2,0.344753,"Нет наблюдаемых исходящих; вход от 1 плательщиков на 20,000 KZT. Вне выборки потоки неизвестны."
100000000437046100,coordinator,0.881854,0,0.839426,"Признаки координации: доступен от 7 seed, связей между кластерами 8; посредничество 0.0020."
100000000440392100,terminal,0.767452,16,0.440333,"Нет наблюдаемых исходящих; вход от 1 плательщиков на 105,705 KZT. Вне выборки потоки неизвестны."
100000000456947100,peripheral,0.0,17,0.0,"Недостаточно признаков роли: входящих связей 0, исходящих 0, глубина 0."
100000000470237100,peripheral,0.2,15,0.424332,"Граница 4-го колена: вход 32,500 KZT, исходящие дальше не наблюдаются; роль получателя не доказана."
100000000481716100,terminal,0.525567,18,0.323229,"Нет наблюдаемых исходящих; вход от 1 плательщиков на 8,000 KZT. Вне выборки потоки неизвестны."
100000000489417100,transit,0.723248,12,0.590172,"Признаки транзита: вход 73,504, выход 80,000 KZT; наблюдаемое отношение 1.09."
100000000490383100,consolidator,0.62,16,0.658884,"Признаки консолидации: 3 плательщиков, вход 62,600 KZT; исходящие 461,375 KZT."
100000000500040100,peripheral,0.2,0,0.345509,"Граница 4-го колена: вход 20,000 KZT, исходящие дальше не наблюдаются; роль получателя не доказана."
100000000507799100,peripheral,0.2,19,0.364314,"Недостаточно признаков роли: входящих связей 1, исходящих 1, глубина 1."
100000000533217100,terminal,0.708704,0,0.460198,"Нет наблюдаемых исходящих; вход от 1 плательщиков на 53,587 KZT. Вне выборки потоки неизвестны."
100000000534581100,peripheral,0.2,8,0.5353,"Недостаточно признаков роли: входящих связей 2, исходящих 1, глубина 3."
100000000542087100,peripheral,0.2,20,0.260378,"Граница 4-го колена: вход 8,507 KZT, исходящие дальше не наблюдаются; роль получателя не доказана."
100000000552584100,peripheral,0.2,21,0.504972,"Недостаточно признаков роли: входящих связей 1, исходящих 1, глубина 3."
100000000555721100,terminal,0.772711,0,0.547098,"Нет наблюдаемых исходящих; вход от 2 плательщиков на 113,000 KZT. Вне выборки потоки неизвестны."
100000000557536100,peripheral,0.2,20,0.462718,"Граница 4-го колена: вход 153,000 KZT, исходящие дальше не наблюдаются; роль получателя не доказана."
100000000560751100,terminal,0.625023,12,0.403094,"Нет наблюдаемых исходящих; вход от 1 плательщиков на 25,000 KZT. Вне выборки потоки неизвестны."
100000000561160100,peripheral,0.2,2,0.518669,"Граница 4-го колена: вход 240,000 KZT, исходящие дальше не наблюдаются; роль получателя не доказана."
100000000569479100,terminal,0.845875,0,0.525868,"Нет наблюдаемых исходящих; вход от 1 плательщиков на 320,000 KZT. Вне выборки потоки неизвестны."
100000000572276100,peripheral,0.2,22,0.161408,"Недостаточно признаков роли: входящих связей 1, исходящих 1, глубина 3."
100000000580561100,peripheral,0.2,23,0.350558,"Недостаточно признаков роли: входящих связей 2, исходящих 3, глубина 0."
100000000581662100,peripheral,0.2,24,0.267808,"Граница 4-го колена: вход 21,160 KZT, исходящие дальше не наблюдаются; роль получателя не доказана."
100000000581682100,peripheral,0.2,15,0.262615,"Граница 4-го колена: вход 5,000 KZT, исходящие дальше не наблюдаются; роль получателя не доказана."
100000000583220100,peripheral,0.2,25,0.314101,"Недостаточно признаков роли: входящих связей 1, исходящих 1, глубина 3."
100000000594783100,peripheral,0.2,21,0.537711,"Недостаточно признаков роли: входящих связей 1, исходящих 2, глубина 3."
100000000596954100,peripheral,0.2,2,0.72739,"Недостаточно признаков роли: входящих связей 1, исходящих 2, глубина 2."
100000000600707100,peripheral,0.2,26,0.359809,"Граница 4-го колена: вход 89,000 KZT, исходящие дальше не наблюдаются; роль получателя не доказана."
100000000607731100,peripheral,0.2,27,0.232311,"Недостаточно признаков роли: входящих связей 1, исходящих 1, глубина 1."
100000000607941100,peripheral,0.2,16,0.636387,"Недостаточно признаков роли: входящих связей 2, исходящих 1, глубина 2."
100000000608031100,peripheral,0.2,28,0.413874,"Граница 4-го колена: вход 30,000 KZT, исходящие дальше не наблюдаются; роль получателя не доказана."
100000000611474100,terminal,0.654488,29,0.424223,"Нет наблюдаемых исходящих; вход от 1 плательщиков на 32,000 KZT. Вне выборки потоки неизвестны."
100000000625169100,terminal,0.539166,22,0.155808,"Нет наблюдаемых исходящих; вход от 1 плательщиков на 10,000 KZT. Вне выборки потоки неизвестны."
100000000627521100,peripheral,0.2,30,0.253442,"Граница 4-го колена: вход 6,500 KZT, исходящие дальше не наблюдаются; роль получателя не доказана."
100000000629812100,terminal,0.609157,31,0.56203,"Нет наблюдаемых исходящих; вход от 2 плательщиков на 22,000 KZT. Вне выборки потоки неизвестны."
100000000634341100,peripheral,0.2,0,0.399463,"Граница 4-го колена: вход 24,000 KZT, исходящие дальше не наблюдаются; роль получателя не доказана."
100000000640800100,peripheral,0.2,8,0.631938,"Недостаточно признаков роли: входящих связей 1, исходящих 4, глубина 3."
100000000646541100,consolidator,0.62,0,0.50517,"Признаки консолидации: 3 плательщиков, вход 25,300 KZT; исходящие 0 KZT."
100000000655469100,peripheral,0.2,32,0.362858,"Граница 4-го колена: вход 20,000 KZT, исходящие дальше не наблюдаются; роль получателя не доказана."
100000000656682100,transit,0.646479,0,0.507641,"Признаки транзита: вход 71,000, выход 80,000 KZT; наблюдаемое отношение 1.13."
100000000661131100,terminal,0.572892,22,0.171682,"Нет наблюдаемых исходящих; вход от 1 плательщиков на 15,600 KZT. Вне выборки потоки неизвестны."
100000000661912100,transit,0.708343,8,0.817784,"Признаки транзита: вход 393,036, выход 430,700 KZT; наблюдаемое отношение 1.10."
100000000667713100,peripheral,0.2,16,0.675894,"Недостаточно признаков роли: входящих связей 2, исходящих 6, глубина 1."
100000000673868100,peripheral,0.2,33,0.77664,"Недостаточно признаков роли: входящих связей 1, исходящих 5, глубина 3."
100000000673915100,peripheral,0.2,20,0.311365,"Граница 4-го колена: вход 20,200 KZT, исходящие дальше не наблюдаются; роль получателя не доказана."
100000000703894100,peripheral,0.2,27,0.367096,"Недостаточно признаков роли: входящих связей 1, исходящих 1, глубина 1."
100000000703902100,terminal,0.629284,22,0.219093,"Нет наблюдаемых исходящих; вход от 1 плательщиков на 25,499 KZT. Вне выборки потоки неизвестны."
100000000704700100,peripheral,0.2,34,0.224202,"Граница 4-го колена: вход 10,000 KZT, исходящие дальше не наблюдаются; роль получателя не доказана."
100000000706545100,consolidator,0.62,16,0.726726,"Признаки консолидации: 3 плательщиков, вход 1,070,300 KZT; исходящие 75,800 KZT."
100000000718427100,terminal,0.516228,22,0.135355,"Нет наблюдаемых исходящих; вход от 1 плательщиков на 6,000 KZT. Вне выборки потоки неизвестны."
100000000723383100,peripheral,0.2,32,0.480584,"Недостаточно признаков роли: входящих связей 1, исходящих 2, глубина 2."
100000000724540100,peripheral,0.2,35,0.537332,"Недостаточно признаков роли: входящих связей 1, исходящих 1, глубина 2."
100000000733373100,terminal,0.546963,16,0.313114,"Нет наблюдаемых исходящих; вход от 1 плательщиков на 10,710 KZT. Вне выборки потоки неизвестны."
100000000733451100,peripheral,0.2,12,0.630462,"Недостаточно признаков роли: входящих связей 1, исходящих 1, глубина 3."
100000000733940100,peripheral,0.2,36,0.551349,"Граница 4-го колена: вход 752,000 KZT, исходящие дальше не наблюдаются; роль получателя не доказана."
100000000737152100,peripheral,0.2,0,0.401903,"Граница 4-го колена: вход 35,000 KZT, исходящие дальше не наблюдаются; роль получателя не доказана."
100000000749118100,peripheral,0.2,0,0.307187,"Недостаточно признаков роли: входящих связей 1, исходящих 1, глубина 3."
100000000764836100,peripheral,0.2,8,0.615006,"Недостаточно признаков роли: входящих связей 1, исходящих 2, глубина 3."
100000000765628100,terminal,0.505168,16,0.294599,"Нет наблюдаемых исходящих; вход от 1 плательщиков на 5,000 KZT. Вне выборки потоки неизвестны."
100000000769919100,terminal,0.831188,37,0.417169,"Нет наблюдаемых исходящих; вход от 1 плательщиков на 250,000 KZT. Вне выборки потоки неизвестны."
100000000782285100,terminal,0.517951,0,0.304991,"Нет наблюдаемых исходящих; вход от 1 плательщиков на 6,151 KZT. Вне выборки потоки неизвестны."
100000000783406100,terminal,0.517498,38,0.268342,"Нет наблюдаемых исходящих; вход от 1 плательщиков на 6,066 KZT. Вне выборки потоки неизвестны."
100000000785800100,transit,0.9,39,0.239301,"Признаки транзита: вход 19,000, выход 19,000 KZT; наблюдаемое отношение 1.00."
100000000790311100,terminal,0.685675,3,0.394249,"Нет наблюдаемых исходящих; вход от 1 плательщиков на 46,300 KZT. Вне выборки потоки неизвестны."
100000000791285100,peripheral,0.2,14,0.709489,"Недостаточно признаков роли: входящих связей 1, исходящих 3, глубина 3."
100000000795033100,terminal,0.589574,0,0.376979,"Нет наблюдаемых исходящих; вход от 1 плательщиков на 18,200 KZT. Вне выборки потоки неизвестны."
100000000795129100,terminal,0.84796,3,0.526415,"Нет наблюдаемых исходящих; вход от 1 плательщиков на 332,000 KZT. Вне выборки потоки неизвестны."
100000000795374100,terminal,0.698187,8,0.395107,"Нет наблюдаемых исходящих; вход от 1 плательщиков на 50,000 KZT. Вне выборки потоки неизвестны."
100000000802149100,terminal,0.766002,0,0.435734,"Нет наблюдаемых исходящих; вход от 1 плательщиков на 104,128 KZT. Вне выборки потоки неизвестны."
100000000803368100,peripheral,0.2,40,0.50226,"Граница 4-го колена: вход 139,503 KZT, исходящие дальше не наблюдаются; роль получателя не доказана."
100000000806727100,peripheral,0.2,2,0.553336,"Недостаточно признаков роли: входящих связей 1, исходящих 1, глубина 2."
100000000810551100,peripheral,0.2,2,0.669589,"Недостаточно признаков роли: входящих связей 1, исходящих 1, глубина 1."
100000000817146100,terminal,0.7301,16,0.583632,"Нет наблюдаемых исходящих; вход от 1 плательщиков на 70,020 KZT. Вне выборки потоки неизвестны."
100000000821507100,terminal,0.858386,33,0.522834,"Нет наблюдаемых исходящих; вход от 1 плательщиков на 400,000 KZT. Вне выборки потоки неизвестны."
100000000831684100,peripheral,0.2,7,0.258716,"Недостаточно признаков роли: входящих связей 1, исходящих 1, глубина 2."
100000000838385100,peripheral,0.2,15,0.660528,"Недостаточно признаков роли: входящих связей 1, исходящих 2, глубина 3."
100000000850297100,transit,0.9,11,0.198552,"Признаки транзита: вход 17,520, выход 17,520 KZT; наблюдаемое отношение 1.00."
100000000860514100,peripheral,0.2,13,0.352418,"Недостаточно признаков роли: входящих связей 1, исходящих 1, глубина 3."
100000000861294100,terminal,0.791568,41,0.350992,"Нет наблюдаемых исходящих; вход от 1 плательщиков на 150,000 KZT. Вне выборки потоки неизвестны."
100000000870121100,terminal,0.551315,12,0.323485,"Нет наблюдаемых исходящих; вход от 1 плательщиков на 12,000 KZT. Вне выборки потоки неизвестны."
100000000878006100,terminal,0.688214,10,0.362428,"Нет наблюдаемых исходящих; вход от 1 плательщиков на 47,003 KZT. Вне выборки потоки неизвестны."
100000000896111100,terminal,0.840345,21,0.399582,"Нет наблюдаемых исходящих; вход от 1 плательщиков на 287,100 KZT. Вне выборки потоки неизвестны."
100000000907277100,terminal,0.584044,22,0.184746,"Нет наблюдаемых исходящих; вход от 1 плательщиков на 17,534 KZT. Вне выборки потоки неизвестны."
100000000910216100,peripheral,0.2,2,0.574894,"Недостаточно признаков роли: входящих связей 1, исходящих 1, глубина 2."
100000000912487100,terminal,0.539166,2,0.398907,"Нет наблюдаемых исходящих; вход от 1 плательщиков на 10,000 KZT. Вне выборки потоки неизвестны."
100000000913911100,peripheral,0.2,2,0.67045,"Недостаточно признаков роли: входящих связей 2, исходящих 1, глубина 2."
100000000917179100,terminal,0.75349,40,0.470619,"Нет наблюдаемых исходящих; вход от 1 плательщиков на 94,465 KZT. Вне выборки потоки неизвестны."
100000000922570100,transit,0.776903,7,0.263139,"Признаки транзита: вход 47,101, выход 50,000 KZT; наблюдаемое отношение 1.06."
100000000926078100,peripheral,0.2,8,0.525319,"Граница 4-го колена: вход 250,000 KZT, исходящие дальше не наблюдаются; роль получателя не доказана."
100000000926766100,peripheral,0.2,13,0.34912,"Недостаточно признаков роли: входящих связей 1, исходящих 1, глубина 3."
100000000933075100,peripheral,0.2,7,0.599279,"Недостаточно признаков роли: входящих связей 1, исходящих 2, глубина 3."
100000000941942100,terminal,0.780326,2,0.591645,"Нет наблюдаемых исходящих; вход от 1 плательщиков на 130,000 KZT. Вне выборки потоки неизвестны."
100000000942301100,terminal,0.71505,0,0.413053,"Нет наблюдаемых исходящих; вход от 1 плательщиков на 57,580 KZT. Вне выборки потоки неизвестны."
100000000943371100,terminal,0.571351,12,0.456765,"Нет наблюдаемых исходящих; вход от 1 плательщиков на 15,500 KZT. Вне выборки потоки неизвестны."
100000000945428100,terminal,0.748051,0,0.435769,"Нет наблюдаемых исходящих; вход от 1 плательщиков на 89,629 KZT. Вне выборки потоки неизвестны."
100000000954884100,terminal,0.658114,38,0.386988,"Нет наблюдаемых исходящих; вход от 1 плательщиков на 34,000 KZT. Вне выборки потоки неизвестны."
100000000955444100,terminal,0.520127,23,0.194064,"Нет наблюдаемых исходящих; вход от 1 плательщиков на 6,910 KZT. Вне выборки потоки неизвестны."
100000000955529100,peripheral,0.2,2,0.361415,"Недостаточно признаков роли: входящих связей 1, исходящих 1, глубина 3."
100000000957746100,peripheral,0.2,28,0.309391,"Граница 4-го колена: вход 5,300 KZT, исходящие дальше не наблюдаются; роль получателя не доказана."
100000000961900100,terminal,0.664189,0,0.4621,"Нет наблюдаемых исходящих; вход от 2 плательщиков на 36,000 KZT. Вне выборки потоки неизвестны."
100000000967918100,terminal,0.607253,0,0.383002,"Нет наблюдаемых исходящих; вход от 1 плательщиков на 21,200 KZT. Вне выборки потоки неизвестны."
100000000968253100,terminal,0.567271,22,0.171883,"Нет наблюдаемых исходящих; вход от 1 плательщиков на 15,000 KZT. Вне выборки потоки неизвестны."
100000000971908100,terminal,0.747597,41,0.314213,"Нет наблюдаемых исходящих; вход от 1 плательщиков на 89,000 KZT. Вне выборки потоки неизвестны."
100000000976943100,transit,0.5,11,0.576223,"Признаки транзита: вход 70,000, выход 84,000 KZT; наблюдаемое отношение 1.20."
100000000978041100,terminal,0.680236,22,0.260991,"Нет наблюдаемых исходящих; вход от 1 плательщиков на 44,445 KZT. Вне выборки потоки неизвестны."
100000000979567100,terminal,0.539166,22,0.222823,"Нет наблюдаемых исходящих; вход от 1 плательщиков на 10,000 KZT. Вне выборки потоки неизвестны."
100000000979923100,terminal,0.757026,11,0.529649,"Нет наблюдаемых исходящих; вход от 1 плательщиков на 97,900 KZT. Вне выборки потоки неизвестны."
100000000981693100,peripheral,0.2,0,0.367429,"Граница 4-го колена: вход 16,500 KZT, исходящие дальше не наблюдаются; роль получателя не доказана."
100000000993112100,terminal,0.787126,42,0.583915,"Нет наблюдаемых исходящих; вход от 1 плательщиков на 141,000 KZT. Вне выборки потоки неизвестны."
100000000998559100,terminal,0.760925,2,0.574915,"Нет наблюдаемых исходящих; вход от 1 плательщиков на 100,000 KZT. Вне выборки потоки неизвестны."
100000001009583100,terminal,0.857026,10,0.498051,"Нет наблюдаемых исходящих; вход от 1 плательщиков на 393,740 KZT. Вне выборки потоки неизвестны."
100000001046057100,terminal,0.742974,4,0.44474,"Нет наблюдаемых исходящих; вход от 1 плательщиков на 83,420 KZT. Вне выборки потоки неизвестны."
100000001046626100,terminal,0.791568,10,0.44037,"Нет наблюдаемых исходящих; вход от 1 плательщиков на 150,000 KZT. Вне выборки потоки неизвестны."
100000001049200100,coordinator,0.86213,43,0.64983,"Признаки координации: доступен от 7 seed, связей между кластерами 2; посредничество 0.0005."
100000001052789100,terminal,0.730825,43,0.418597,"Нет наблюдаемых исходящих; вход от 1 плательщиков на 70,975 KZT. Вне выборки потоки неизвестны."
100000001052945100,peripheral,0.2,44,0.570691,"Недостаточно признаков роли: входящих связей 1, исходящих 3, глубина 3."
100000001053894100,peripheral,0.2,30,0.562218,"Граница 4-го колена: вход 2,000,000 KZT, исходящие дальше не наблюдаются; роль получателя не доказана."
100000001056414100,terminal,0.831188,24,0.400642,"Нет наблюдаемых исходящих; вход от 1 плательщиков на 250,000 KZT. Вне выборки потоки неизвестны."
100000001063678100,peripheral,0.2,29,0.516229,"Недостаточно признаков роли: входящих связей 1, исходящих 2, глубина 3."
100000001065234100,peripheral,0.2,45,0.544438,"Граница 4-го колена: вход 360,000 KZT, исходящие дальше не наблюдаются; роль получателя не доказана."
100000001065481100,peripheral,0.2,12,0.36012,"Граница 4-го колена: вход 16,000 KZT, исходящие дальше не наблюдаются; роль получателя не доказана."
100000001066017100,peripheral,0.2,0,0.650673,"Недостаточно признаков роли: входящих связей 2, исходящих 4, глубина 3."
100000001072022100,consolidator,0.62,2,0.799837,"Признаки консолидации: 3 плательщиков, вход 1,684,000 KZT; исходящие 0 KZT."
100000001073568100,peripheral,0.2,40,0.623174,"Недостаточно признаков роли: входящих связей 1, исходящих 2, глубина 3."
100000001074553100,terminal,0.640707,4,0.353219,"Нет наблюдаемых исходящих; вход от 2 плательщиков на 28,971 KZT. Вне выборки потоки неизвестны."
100000001083990100,terminal,0.694742,7,0.529733,"Нет наблюдаемых исходящих; вход от 1 плательщиков на 49,900 KZT. Вне выборки потоки неизвестны."
100000001089055100,peripheral,0.2,28,0.332534,"Граница 4-го колена: вход 13,000 KZT, исходящие дальше не наблюдаются; роль получателя не доказана."
100000001102676100,transit,0.9,2,0.503862,"Признаки транзита: вход 50,000, выход 50,000 KZT; наблюдаемое отношение 1.00."
100000001103905100,terminal,0.58767,22,0.187657,"Нет наблюдаемых исходящих; вход от 1 плательщиков на 18,000 KZT. Вне выборки потоки неизвестны."
100000001110358100,terminal,0.654488,0,0.452835,"Нет наблюдаемых исходящих; вход от 2 плательщиков на 32,000 KZT. Вне выборки потоки неизвестны."
100000001111763100,terminal,0.580236,22,0.181965,"Нет наблюдаемых исходящих; вход от 1 плательщиков на 17,144 KZT. Вне выборки потоки неизвестны."
100000001114385100,terminal,0.642339,2,0.346434,"Нет наблюдаемых исходящих; вход от 1 плательщиков на 29,500 KZT. Вне выборки потоки неизвестны."
100000001126374100,consolidator,0.66,0,0.671242,"Признаки консолидации: 4 плательщиков, вход 182,500 KZT; исходящие 29,200 KZT."
100000001130176100,terminal,0.625023,0,0.403894,"Нет наблюдаемых исходящих; вход от 1 плательщиков на 25,000 KZT. Вне выборки потоки неизвестны."
100000001130553100,peripheral,0.2,10,0.378191,"Граница 4-го колена: вход 18,000 KZT, исходящие дальше не наблюдаются; роль получателя не доказана."
100000001131403100,peripheral,0.2,44,0.569181,"Граница 4-го колена: вход 1,570,000 KZT, исходящие дальше не наблюдаются; роль получателя не доказана."
100000001138283100,peripheral,0.2,8,0.499714,"Недостаточно признаков роли: входящих связей 1, исходящих 2, глубина 3."
100000001138376100,terminal,0.570898,3,0.302539,"Нет наблюдаемых исходящих; вход от 1 плательщиков на 15,300 KZT. Вне выборки потоки неизвестны."
100000001140785100,terminal,0.820218,4,0.673022,"Нет наблюдаемых исходящих; вход от 2 плательщиков на 215,000 KZT. Вне выборки потоки неизвестны."
100000001141268100,peripheral,0.2,46,0.801959,"Недостаточно признаков роли: входящих связей 2, исходящих 1, глубина 3."
100000001145749100,terminal,0.539166,2,0.468633,"Нет наблюдаемых исходящих; вход от 1 плательщиков на 10,000 KZT. Вне выборки потоки неизвестны."
100000001149815100,terminal,0.551315,22,0.156439,"Нет наблюдаемых исходящих; вход от 1 плательщиков на 12,000 KZT. Вне выборки потоки неизвестны."
100000001155773100,terminal,0.607888,22,0.198558,"Нет наблюдаемых исходящих; вход от 1 плательщиков на 21,500 KZT. Вне выборки потоки неизвестны."
100000001160401100,terminal,0.689211,0,0.401396,"Нет наблюдаемых исходящих; вход от 1 плательщиков на 47,190 KZT. Вне выборки потоки неизвестны."
100000001162560100,distributor,0.66,4,0.495954,"Признаки распределения: 12 получателей, 14 переводов, исходящие 2,904,398 KZT."
100000001164648100,terminal,0.559293,47,0.385197,"Нет наблюдаемых исходящих; вход от 2 плательщиков на 13,660 KZT. Вне выборки потоки неизвестны."
100000001166289100,peripheral,0.2,22,0.547037,"Недостаточно признаков роли: входящих связей 2, исходящих 1, глубина 2."
100000001169666100,peripheral,0.2,18,0.64325,"Недостаточно признаков роли: входящих связей 1, исходящих 1, глубина 3."
100000001184915100,terminal,0.816954,3,0.500408,"Нет наблюдаемых исходящих; вход от 1 плательщиков на 201,000 KZT. Вне выборки потоки неизвестны."
100000001194266100,terminal,0.698187,2,0.523048,"Нет наблюдаемых исходящих; вход от 1 плательщиков на 50,000 KZT. Вне выборки потоки неизвестны."
100000001202637100,peripheral,0.2,18,0.461095,"Граница 4-го колена: вход 10,000 KZT, исходящие дальше не наблюдаются; роль получателя не доказана."
100000001202787100,peripheral,0.2,0,0.433562,"Граница 4-го колена: вход 14,850 KZT, исходящие дальше не наблюдаются; роль получателя не доказана."
100000001220124100,peripheral,0.2,8,0.430549,"Граница 4-го колена: вход 40,000 KZT, исходящие дальше не наблюдаются; роль получателя не доказана."
100000001222245100,peripheral,0.2,10,0.549715,"Граница 4-го колена: вход 420,000 KZT, исходящие дальше не наблюдаются; роль получателя не доказана."
100000001222263100,peripheral,0.2,10,0.562885,"Недостаточно признаков роли: входящих связей 1, исходящих 1, глубина 3."
100000001223977100,peripheral,0.2,48,0.451095,"Недостаточно признаков роли: входящих связей 1, исходящих 1, глубина 3."
100000001227106100,terminal,0.798459,10,0.446144,"Нет наблюдаемых исходящих; вход от 1 плательщиков на 164,765 KZT. Вне выборки потоки неизвестны."
100000001229743100,peripheral,0.2,0,0.299276,"Недостаточно признаков роли: входящих связей 1, исходящих 1, глубина 3."
100000001232297100,peripheral,0.2,12,0.426981,"Недостаточно признаков роли: входящих связей 1, исходящих 2, глубина 2."
100000001236706100,consolidator,0.62,12,0.69537,"Признаки консолидации: 3 плательщиков, вход 142,700 KZT; исходящие 36,000 KZT."
100000001241318100,terminal,0.707162,0,0.44936,"Нет наблюдаемых исходящих; вход от 1 плательщиков на 53,000 KZT. Вне выборки потоки неизвестны."
100000001246806100,peripheral,0.2,4,0.60844,"Граница 4-го колена: вход 130,000 KZT, исходящие дальше не наблюдаются; роль получателя не доказана."
100000001248999100,terminal,0.613871,28,0.324994,"Нет наблюдаемых исходящих; вход от 1 плательщиков на 23,425 KZT. Вне выборки потоки неизвестны."
100000001249054100,peripheral,0.2,18,0.314528,"Граница 4-го колена: вход 17,375 KZT, исходящие дальше не наблюдаются; роль получателя не доказана."
100000001250022100,terminal,0.698187,41,0.272433,"Нет наблюдаемых исходящих; вход от 1 плательщиков на 50,000 KZT. Вне выборки потоки неизвестны."
100000001251686100,terminal,0.58767,2,0.439809,"Нет наблюдаемых исходящих; вход от 1 плательщиков на 18,000 KZT. Вне выборки потоки неизвестны."
100000001252290100,peripheral,0.2,10,0.496548,"Недостаточно признаков роли: входящих связей 1, исходящих 1, глубина 3."
100000001253557100,consolidator,0.7,4,0.74663,"Признаки консолидации: 5 плательщиков, вход 210,200 KZT; исходящие 0 KZT."
100000001256409100,peripheral,0.2,35,0.21846,"Граница 4-го колена: вход 8,000 KZT, исходящие дальше не наблюдаются; роль получателя не доказана."
100000001262647100,terminal,0.615866,3,0.354532,"Нет наблюдаемых исходящих; вход от 1 плательщиков на 23,650 KZT. Вне выборки потоки неизвестны."
100000001270349100,terminal,0.815231,41,0.37886,"Нет наблюдаемых исходящих; вход от 1 плательщиков на 200,000 KZT. Вне выборки потоки неизвестны."
100000001270470100,peripheral,0.2,0,0.399971,"Граница 4-го колена: вход 28,300 KZT, исходящие дальше не наблюдаются; роль получателя не доказана."
100000001273783100,terminal,0.613146,11,0.222085,"Нет наблюдаемых исходящих; вход от 1 плательщиков на 23,200 KZT. Вне выборки потоки неизвестны."
100000001275557100,peripheral,0.2,29,0.363481,"Граница 4-го колена: вход 20,000 KZT, исходящие дальше не наблюдаются; роль получателя не доказана."
100000001275752100,terminal,0.793563,4,0.562175,"Нет наблюдаемых исходящих; вход от 1 плательщиков на 151,500 KZT. Вне выборки потоки неизвестны."
100000001276409100,peripheral,0.2,18,0.453683,"Граница 4-го колена: вход 94,760 KZT, исходящие дальше не наблюдаются; роль получателя не доказана."
100000001279272100,peripheral,0.2,0,0.659488,"Недостаточно признаков роли: входящих связей 1, исходящих 2, глубина 3."
100000001279875100,terminal,0.693654,24,0.281611,"Нет наблюдаемых исходящих; вход от 1 плательщиков на 49,235 KZT. Вне выборки потоки неизвестны."
100000001280798100,terminal,0.617679,18,0.342232,"Нет наблюдаемых исходящих; вход от 1 плательщиков на 23,785 KZT. Вне выборки потоки неизвестны."
100000001282143100,consolidator,0.7,24,0.802259,"Признаки консолидации: 5 плательщиков, вход 1,700,000 KZT; исходящие 0 KZT."
100000001285440100,terminal,0.829102,46,0.703124,"Нет наблюдаемых исходящих; вход от 2 плательщиков на 243,000 KZT. Вне выборки потоки неизвестны."
100000001286703100,peripheral,0.2,30,0.31056,"Граница 4-го колена: вход 20,500 KZT, исходящие дальше не наблюдаются; роль получателя не доказана."
100000001287955100,peripheral,0.2,24,0.425177,"Недостаточно признаков роли: входящих связей 1, исходящих 4, глубина 2."
100000001290243100,terminal,0.539166,16,0.318339,"Нет наблюдаемых исходящих; вход от 1 плательщиков на 10,000 KZT. Вне выборки потоки неизвестны."
100000001297206100,peripheral,0.2,0,0.287416,"Граница 4-го колена: вход 6,758 KZT, исходящие дальше не наблюдаются; роль получателя не доказана."
100000001298099100,terminal,0.591296,18,0.321739,"Нет наблюдаемых исходящих; вход от 1 плательщиков на 19,000 KZT. Вне выборки потоки неизвестны."
100000001299323100,peripheral,0.2,4,0.536441,"Граница 4-го колена: вход 109,000 KZT, исходящие дальше не наблюдаются; роль получателя не доказана."
100000001299443100,peripheral,0.2,47,0.150889,"Граница 4-го колена: вход 8,000 KZT, исходящие дальше не наблюдаются; роль получателя не доказана."
100000001299828100,peripheral,0.2,0,0.487009,"Граница 4-го колена: вход 100,000 KZT, исходящие дальше не наблюдаются; роль получателя не доказана."
100000001303311100,consolidator,0.7,46,0.792075,"Признаки консолидации: 5 плательщиков, вход 1,324,000 KZT; исходящие 0 KZT."
100000001307612100,terminal,0.66845,22,0.250956,"Нет наблюдаемых исходящих; вход от 1 плательщиков на 38,483 KZT. Вне выборки потоки неизвестны."
100000001308856100,terminal,0.636718,22,0.233437,"Нет наблюдаемых исходящих; вход от 1 плательщиков на 27,000 KZT. Вне выборки потоки неизвестны."
100000001311175100,peripheral,0.2,24,0.454057,"Граница 4-го колена: вход 300,000 KZT, исходящие дальше не наблюдаются; роль получателя не доказана."
100000001317336100,peripheral,0.2,36,0.595478,"Недостаточно признаков роли: входящих связей 1, исходящих 2, глубина 3."
100000001325618100,peripheral,0.2,47,0.156464,"Граница 4-го колена: вход 9,300 KZT, исходящие дальше не наблюдаются; роль получателя не доказана."
100000001329153100,terminal,0.7932,0,0.451265,"Нет наблюдаемых исходящих; вход от 1 плательщиков на 150,687 KZT. Вне выборки потоки неизвестны."
100000001330595100,consolidator,0.62,34,0.469902,"Признаки консолидации: 3 плательщиков, вход 87,000 KZT; исходящие 154,000 KZT."
100000001330685100,consolidator,0.62,10,0.705576,"Признаки консолидации: 3 плательщиков, вход 2,435,923 KZT; исходящие 100,500 KZT."
100000001339466100,terminal,0.646328,2,0.48639,"Нет наблюдаемых исходящих; вход от 1 плательщиков на 30,000 KZT. Вне выборки потоки неизвестны."
100000001346560100,peripheral,0.2,2,0.616624,"Недостаточно признаков роли: входящих связей 2, исходящих 1, глубина 2."
100000001362940100,terminal,0.740526,2,0.558851,"Нет наблюдаемых исходящих; вход от 1 плательщиков на 81,000 KZT. Вне выборки потоки неизвестны."
100000001363952100,peripheral,0.2,8,0.60687,"Недостаточно признаков роли: входящих связей 2, исходящих 1, глубина 1."
100000001373265100,peripheral,0.2,8,0.506873,"Недостаточно признаков роли: входящих связей 1, исходящих 1, глубина 3."
100000001378288100,peripheral,0.2,8,0.528091,"Граница 4-го колена: вход 268,000 KZT, исходящие дальше не наблюдаются; роль получателя не доказана."
100000001379511100,terminal,0.711423,4,0.417192,"Нет наблюдаемых исходящих; вход от 1 плательщиков на 55,000 KZT. Вне выборки потоки неизвестны."
100000001380054100,peripheral,0.2,27,0.474894,"Недостаточно признаков роли: входящих связей 2, исходящих 3, глубина 1."
100000001380107100,terminal,0.516228,31,0.398114,"Нет наблюдаемых исходящих; вход от 1 плательщиков на 6,000 KZT. Вне выборки потоки неизвестны."
100000001380986100,terminal,0.730462,4,0.286155,"Нет наблюдаемых исходящих; вход от 1 плательщиков на 70,170 KZT. Вне выборки потоки неизвестны."
100000001382002100,transit,0.845455,0,0.46221,"Признаки транзита: вход 55,000, выход 56,500 KZT; наблюдаемое отношение 1.03."
100000001384826100,peripheral,0.2,10,0.530674,"Недостаточно признаков роли: входящих связей 1, исходящих 1, глубина 3."
100000001386612100,terminal,0.720308,49,0.450859,"Нет наблюдаемых исходящих; вход от 1 плательщиков на 62,264 KZT. Вне выборки потоки неизвестны."
100000001389255100,terminal,0.576156,22,0.17886,"Нет наблюдаемых исходящих; вход от 1 плательщиков на 16,136 KZT. Вне выборки потоки неизвестны."
100000001411870100,terminal,0.888033,41,0.568874,"Нет наблюдаемых исходящих; вход от 2 плательщиков на 900,000 KZT. Вне выборки потоки неизвестны."
100000001415126100,peripheral,0.2,49,0.396569,"Недостаточно признаков роли: входящих связей 1, исходящих 0, глубина 0."
100000001418900100,terminal,0.674252,22,0.263746,"Нет наблюдаемых исходящих; вход от 1 плательщиков на 40,140 KZT. Вне выборки потоки неизвестны."
100000001420847100,terminal,0.598368,43,0.342796,"Нет наблюдаемых исходящих; вход от 1 плательщиков на 20,000 KZT. Вне выборки потоки неизвестны."
100000001427082100,peripheral,0.2,32,0.506162,"Недостаточно признаков роли: входящих связей 1, исходящих 5, глубина 3."
100000001429930100,peripheral,0.2,12,0.384142,"Недостаточно признаков роли: входящих связей 1, исходящих 0, глубина 0."
100000001439416100,peripheral,0.2,0,0.393194,"Недостаточно признаков роли: входящих связей 1, исходящих 2, глубина 3."
100000001445848100,peripheral,0.2,38,0.56496,"Недостаточно признаков роли: входящих связей 1, исходящих 1, глубина 3."
100000001463701100,terminal,0.880054,11,0.74574,"Нет наблюдаемых исходящих; вход от 2 плательщиков на 621,000 KZT. Вне выборки потоки неизвестны."
100000001471706100,peripheral,0.2,49,0.635044,"Граница 4-го колена: вход 377,000 KZT, исходящие дальше не наблюдаются; роль получателя не доказана."
100000001477796100,terminal,0.806165,2,0.367455,"Нет наблюдаемых исходящих; вход от 1 плательщиков на 182,000 KZT. Вне выборки потоки неизвестны."
100000001484381100,terminal,0.755666,18,0.54552,"Нет наблюдаемых исходящих; вход от 2 плательщиков на 95,585 KZT. Вне выборки потоки неизвестны."
100000001490461100,peripheral,0.2,18,0.504431,"Недостаточно признаков роли: входящих связей 1, исходящих 1, глубина 2."
100000001498732100,peripheral,0.2,4,0.262878,"Граница 4-го колена: вход 5,500 KZT, исходящие дальше не наблюдаются; роль получателя не доказана."
100000001524952100,terminal,0.76582,0,0.449366,"Нет наблюдаемых исходящих; вход от 1 плательщиков на 103,807 KZT. Вне выборки потоки неизвестны."
100000001526235100,consolidator,0.62,13,0.719938,"Признаки консолидации: 3 плательщиков, вход 82,000 KZT; исходящие 432,750 KZT."
100000001527186100,terminal,0.880598,2,0.677847,"Нет наблюдаемых исходящих; вход от 1 плательщиков на 678,000 KZT. Вне выборки потоки неизвестны."
100000001530709100,terminal,0.709429,0,0.381381,"Нет наблюдаемых исходящих; вход от 1 плательщиков на 53,961 KZT. Вне выборки потоки неизвестны."
100000001530740100,terminal,0.567271,16,0.361305,"Нет наблюдаемых исходящих; вход от 1 плательщиков на 15,000 KZT. Вне выборки потоки неизвестны."
100000001530983100,distributor,0.646667,16,0.78527,"Признаки распределения: 11 получателей, 17 переводов, исходящие 1,829,538 KZT."
100000001533161100,peripheral,0.2,50,0.458717,"Граница 4-го колена: вход 100,000 KZT, исходящие дальше не наблюдаются; роль получателя не доказана."
100000001534244100,peripheral,0.2,4,0.739153,"Недостаточно признаков роли: входящих связей 2, исходящих 1, глубина 3."
100000001537524100,peripheral,0.2,24,0.548257,"Граница 4-го колена: вход 150,000 KZT, исходящие дальше не наблюдаются; роль получателя не доказана."
100000001538095100,terminal,0.837987,24,0.71188,"Нет наблюдаемых исходящих; вход от 2 плательщиков на 280,000 KZT. Вне выборки потоки неизвестны."
100000001541418100,terminal,0.756029,4,0.533157,"Нет наблюдаемых исходящих; вход от 2 плательщиков на 96,900 KZT. Вне выборки потоки неизвестны."
100000001549194100,terminal,0.686219,40,0.391831,"Нет наблюдаемых исходящих; вход от 1 плательщиков на 46,500 KZT. Вне выборки потоки неизвестны."
100000001550388100,terminal,0.698187,0,0.393772,"Нет наблюдаемых исходящих; вход от 1 плательщиков на 50,000 KZT. Вне выборки потоки неизвестны."
100000001550419100,terminal,0.612149,40,0.333126,"Нет наблюдаемых исходящих; вход от 1 плательщиков на 23,000 KZT. Вне выборки потоки неизвестны."
100000001554432100,terminal,0.709248,2,0.531295,"Нет наблюдаемых исходящих; вход от 1 плательщиков на 53,920 KZT. Вне выборки потоки неизвестны."
100000001557930100,terminal,0.659746,41,0.241735,"Нет наблюдаемых исходящих; вход от 1 плательщиков на 34,610 KZT. Вне выборки потоки неизвестны."
100000001567366100,terminal,0.886582,16,0.548241,"Нет наблюдаемых исходящих; вход от 1 плательщиков на 824,070 KZT. Вне выборки потоки неизвестны."
100000001578517100,terminal,0.646328,16,0.350017,"Нет наблюдаемых исходящих; вход от 1 плательщиков на 30,000 KZT. Вне выборки потоки неизвестны."
100000001584286100,terminal,0.8835,24,0.718089,"Нет наблюдаемых исходящих; вход от 2 плательщиков на 738,699 KZT. Вне выборки потоки неизвестны."
100000001590795100,peripheral,0.2,47,0.134119,"Граница 4-го колена: вход 5,060 KZT, исходящие дальше не наблюдаются; роль получателя не доказана."
100000001597424100,terminal,0.690752,40,0.39542,"Нет наблюдаемых исходящих; вход от 1 плательщиков на 48,100 KZT. Вне выборки потоки неизвестны."
100000001597505100,peripheral,0.2,42,0.465823,"Недостаточно признаков роли: входящих связей 1, исходящих 1, глубина 2."
100000001598625100,peripheral,0.2,8,0.390794,"Граница 4-го колена: вход 25,000 KZT, исходящие дальше не наблюдаются; роль получателя не доказана."
100000001600934100,peripheral,0.2,8,0.529879,"Недостаточно признаков роли: входящих связей 1, исходящих 1, глубина 3."
100000001601320100,transit,0.775862,1,0.419092,"Признаки транзита: вход 43,500, выход 46,200 KZT; наблюдаемое отношение 1.06."
100000001609499100,consolidator,0.62,0,0.70136,"Признаки консолидации: 3 плательщиков, вход 263,113 KZT; исходящие 21,000 KZT."
100000001611488100,terminal,0.884769,10,0.665132,"Нет наблюдаемых исходящих; вход от 2 плательщиков на 779,300 KZT. Вне выборки потоки неизвестны."
100000001616816100,consolidator,0.7,41,0.881507,"Признаки консолидации: 5 плательщиков, вход 176,195 KZT; исходящие 181,326 KZT."
100000001632325100,terminal,0.74515,22,0.307523,"Нет наблюдаемых исходящих; вход от 1 плательщиков на 85,600 KZT. Вне выборки потоки неизвестны."
100000001633685100,consolidator,0.62,0,0.505343,"Признаки консолидации: 3 плательщиков, вход 45,000 KZT; исходящие 0 KZT."
100000001637376100,peripheral,0.2,10,0.461691,"Недостаточно признаков роли: входящих связей 1, исходящих 1, глубина 3."
100000001639766100,terminal,0.598368,41,0.269699,"Нет наблюдаемых исходящих; вход от 1 плательщиков на 20,000 KZT. Вне выборки потоки неизвестны."
100000001641789100,terminal,0.585766,41,0.507956,"Нет наблюдаемых исходящих; вход от 1 плательщиков на 17,826 KZT. Вне выборки потоки неизвестны."
100000001641951100,terminal,0.625023,2,0.509137,"Нет наблюдаемых исходящих; вход от 1 плательщиков на 25,000 KZT. Вне выборки потоки неизвестны."
100000001648936100,terminal,0.75204,41,0.317746,"Нет наблюдаемых исходящих; вход от 1 плательщиков на 92,740 KZT. Вне выборки потоки неизвестны."
100000001650895100,peripheral,0.2,18,0.61881,"Недостаточно признаков роли: входящих связей 1, исходящих 1, глубина 3."
100000001660397100,transit,0.883539,0,0.60471,"Признаки транзита: вход 48,600, выход 49,000 KZT; наблюдаемое отношение 1.01."
100000001669260100,peripheral,0.2,35,0.436168,"Граница 4-го колена: вход 500,000 KZT, исходящие дальше не наблюдаются; роль получателя не доказана."
100000001674850100,terminal,0.827108,4,0.676261,"Нет наблюдаемых исходящих; вход от 2 плательщиков на 237,000 KZT. Вне выборки потоки неизвестны."
100000001677389100,peripheral,0.2,28,0.316918,"Недостаточно признаков роли: входящих связей 1, исходящих 1, глубина 3."
100000001677929100,consolidator,0.62,1,0.510407,"Признаки консолидации: 3 плательщиков, вход 126,777 KZT; исходящие 286,098 KZT."
100000001680944100,terminal,0.856482,46,0.636598,"Нет наблюдаемых исходящих; вход от 1 плательщиков на 393,000 KZT. Вне выборки потоки неизвестны."
100000001684867100,terminal,0.65068,16,0.346398,"Нет наблюдаемых исходящих; вход от 1 плательщиков на 30,550 KZT. Вне выборки потоки неизвестны."
100000001686328100,terminal,0.785857,4,0.582136,"Нет наблюдаемых исходящих; вход от 1 плательщиков на 140,000 KZT. Вне выборки потоки неизвестны."
100000001688676100,terminal,0.781958,43,0.462121,"Нет наблюдаемых исходящих; вход от 1 плательщиков на 133,700 KZT. Вне выборки потоки неизвестны."
100000001689968100,consolidator,0.62,10,0.625655,"Признаки консолидации: 3 плательщиков, вход 344,334 KZT; исходящие 0 KZT."
100000001690439100,terminal,0.562466,10,0.354787,"Нет наблюдаемых исходящих; вход от 1 плательщиков на 14,200 KZT. Вне выборки потоки неизвестны."
100000001690558100,terminal,0.883681,43,0.551232,"Нет наблюдаемых исходящих; вход от 1 плательщиков на 740,000 KZT. Вне выборки потоки неизвестны."
100000001696818100,terminal,0.708432,2,0.284441,"Нет наблюдаемых исходящих; вход от 1 плательщиков на 53,550 KZT. Вне выборки потоки неизвестны."
100000001697501100,distributor,0.9,22,0.496628,"Признаки распределения: 38 получателей, 55 переводов, исходящие 1,482,606 KZT."
100000001703168100,peripheral,0.2,2,0.414882,"Недостаточно признаков роли: входящих связей 1, исходящих 1, глубина 2."
100000001714173100,terminal,0.880236,46,0.676488,"Нет наблюдаемых исходящих; вход от 1 плательщиков на 638,905 KZT. Вне выборки потоки неизвестны."
100000001714413100,terminal,0.832004,10,0.474672,"Нет наблюдаемых исходящих; вход от 1 плательщиков на 250,172 KZT. Вне выборки потоки неизвестны."
100000001714883100,peripheral,0.2,47,0.144929,"Граница 4-го колена: вход 6,900 KZT, исходящие дальше не наблюдаются; роль получателя не доказана."
100000001716579100,terminal,0.559837,22,0.16608,"Нет наблюдаемых исходящих; вход от 1 плательщиков на 13,916 KZT. Вне выборки потоки неизвестны."
100000001724740100,peripheral,0.2,4,0.62645,"Граница 4-го колена: вход 185,000 KZT, исходящие дальше не наблюдаются; роль получателя не доказана."
100000001726614100,terminal,0.784678,0,0.452433,"Нет наблюдаемых исходящих; вход от 1 плательщиков на 138,717 KZT. Вне выборки потоки неизвестны."
100000001732159100,peripheral,0.2,51,0.848599,"Недостаточно признаков роли: входящих связей 2, исходящих 4, глубина 0."
100000001733216100,peripheral,0.2,0,0.446831,"Граница 4-го колена: вход 60,000 KZT, исходящие дальше не наблюдаются; роль получателя не доказана."
100000001733687100,terminal,0.842702,4,0.589335,"Нет наблюдаемых исходящих; вход от 1 плательщиков на 300,000 KZT. Вне выборки потоки неизвестны."
100000001737722100,terminal,0.718858,2,0.520518,"Нет наблюдаемых исходящих; вход от 1 плательщиков на 60,460 KZT. Вне выборки потоки неизвестны."
100000001740277100,peripheral,0.2,1,0.202569,"Недостаточно признаков роли: входящих связей 1, исходящих 1, глубина 3."
100000001745217100,terminal,0.698187,0,0.380716,"Нет наблюдаемых исходящих; вход от 1 плательщиков на 50,000 KZT. Вне выборки потоки неизвестны."
100000001746925100,peripheral,0.2,2,0.654525,"Недостаточно признаков роли: входящих связей 1, исходящих 1, глубина 1."
100000001782980100,peripheral,0.2,27,0.308688,"Недостаточно признаков роли: входящих связей 1, исходящих 1, глубина 2."
100000001784279100,terminal,0.663373,0,0.353441,"Нет наблюдаемых исходящих; вход от 1 плательщиков на 35,674 KZT. Вне выборки потоки неизвестны."
100000001785161100,terminal,0.646328,33,0.479986,"Нет наблюдаемых исходящих; вход от 2 плательщиков на 30,000 KZT. Вне выборки потоки неизвестны."
100000001788284100,peripheral,0.2,13,0.473232,"Недостаточно признаков роли: входящих связей 1, исходящих 5, глубина 3."
100000001805543100,terminal,0.715956,16,0.397427,"Нет наблюдаемых исходящих; вход от 1 плательщиков на 59,000 KZT. Вне выборки потоки неизвестны."
100000001808684100,peripheral,0.2,41,0.333805,"Недостаточно признаков роли: входящих связей 1, исходящих 1, глубина 3."
100000001816678100,peripheral,0.2,2,0.422654,"Граница 4-го колена: вход 60,000 KZT, исходящие дальше не наблюдаются; роль получателя не доказана."
100000001818442100,terminal,0.677335,18,0.390504,"Нет наблюдаемых исходящих; вход от 1 плательщиков на 42,215 KZT. Вне выборки потоки неизвестны."
100000001819396100,terminal,0.799728,14,0.483815,"Нет наблюдаемых исходящих; вход от 1 плательщиков на 166,080 KZT. Вне выборки потоки неизвестны."
100000001822623100,terminal,0.817135,29,0.493538,"Нет наблюдаемых исходящих; вход от 1 плательщиков на 201,300 KZT. Вне выборки потоки неизвестны."
100000001822650100,peripheral,0.2,4,0.544231,"Граница 4-го колена: вход 112,000 KZT, исходящие дальше не наблюдаются; роль получателя не доказана."
100000001825934100,peripheral,0.2,26,0.306863,"Недостаточно признаков роли: входящих связей 1, исходящих 1, глубина 3."
100000001831496100,peripheral,0.2,11,0.343572,"Недостаточно признаков роли: входящих связей 1, исходящих 1, глубина 3."
100000001835625100,terminal,0.735177,10,0.394582,"Нет наблюдаемых исходящих; вход от 1 плательщиков на 75,130 KZT. Вне выборки потоки неизвестны."
100000001837130100,terminal,0.802811,0,0.468437,"Нет наблюдаемых исходящих; вход от 1 плательщиков на 172,900 KZT. Вне выборки потоки неизвестны."
100000001845505100,peripheral,0.2,8,0.389104,"Граница 4-го колена: вход 20,000 KZT, исходящие дальше не наблюдаются; роль получателя не доказана."
100000001848426100,terminal,0.755485,41,0.320656,"Нет наблюдаемых исходящих; вход от 1 плательщиков на 95,530 KZT. Вне выборки потоки неизвестны."
100000001851289100,terminal,0.769447,16,0.442247,"Нет наблюдаемых исходящих; вход от 1 плательщиков на 109,510 KZT. Вне выборки потоки неизвестны."
100000001852140100,terminal,0.646328,52,0.302522,"Нет наблюдаемых исходящих; вход от 1 плательщиков на 30,000 KZT. Вне выборки потоки неизвестны."
100000001853812100,terminal,0.72874,8,0.420452,"Нет наблюдаемых исходящих; вход от 1 плательщиков на 70,000 KZT. Вне выборки потоки неизвестны."
100000001857829100,coordinator,0.87712,8,0.830242,"Признаки координации: доступен от 7 seed, связей между кластерами 6; посредничество 0.0013."
100000001860090100,terminal,0.505168,41,0.189163,"Нет наблюдаемых исходящих; вход от 1 плательщиков на 5,000 KZT. Вне выборки потоки неизвестны."
100000001870116100,terminal,0.618858,22,0.211731,"Нет наблюдаемых исходящих; вход от 1 плательщиков на 24,000 KZT. Вне выборки потоки неизвестны."
100000001872484100,peripheral,0.2,39,0.521872,"Недостаточно признаков роли: входящих связей 1, исходящих 3, глубина 1."
100000001875167100,terminal,0.889211,10,0.535916,"Нет наблюдаемых исходящих; вход от 1 плательщиков на 1,000,000 KZT. Вне выборки потоки неизвестны."
100000001875239100,consolidator,0.62,4,0.756782,"Признаки консолидации: 3 плательщиков, вход 712,000 KZT; исходящие 0 KZT."
100000001884825100,consolidator,0.62,4,0.728858,"Признаки консолидации: 3 плательщиков, вход 495,000 KZT; исходящие 0 KZT."
100000001887715100,consolidator,0.62,46,0.833181,"Признаки консолидации: 3 плательщиков, вход 1,331,500 KZT; исходящие 750,000 KZT."
100000001893287100,peripheral,0.2,41,0.262079,"Недостаточно признаков роли: входящих связей 1, исходящих 1, глубина 3."
100000001899164100,consolidator,0.66,7,0.868975,"Признаки консолидации: 4 плательщиков, вход 291,675 KZT; исходящие 76,500 KZT."
100000001904863100,terminal,0.870626,40,0.685459,"Нет наблюдаемых исходящих; вход от 1 плательщиков на 500,000 KZT. Вне выборки потоки неизвестны."
100000001924185100,terminal,0.793382,11,0.699157,"Нет наблюдаемых исходящих; вход от 2 плательщиков на 151,000 KZT. Вне выборки потоки неизвестны."
100000001927599100,terminal,0.808613,18,0.692675,"Нет наблюдаемых исходящих; вход от 2 плательщиков на 188,000 KZT. Вне выборки потоки неизвестны."
100000001929088100,terminal,0.857752,1,0.526461,"Нет наблюдаемых исходящих; вход от 2 плательщиков на 396,010 KZT. Вне выборки потоки неизвестны."
100000001934935100,terminal,0.775431,0,0.435844,"Нет наблюдаемых исходящих; вход от 1 плательщиков на 118,935 KZT. Вне выборки потоки неизвестны."
100000001937767100,peripheral,0.2,40,0.769312,"Недостаточно признаков роли: входящих связей 1, исходящих 4, глубина 1."
100000001952325100,terminal,0.738259,22,0.307888,"Нет наблюдаемых исходящих; вход от 1 плательщиков на 77,888 KZT. Вне выборки потоки неизвестны."
100000001953577100,terminal,0.572892,22,0.176197,"Нет наблюдаемых исходящих; вход от 1 плательщиков на 15,600 KZT. Вне выборки потоки неизвестны."
100000001954534100,peripheral,0.2,0,0.377081,"Недостаточно признаков роли: входящих связей 1, исходящих 1, глубина 3."
100000001954903100,terminal,0.637806,11,0.239811,"Нет наблюдаемых исходящих; вход от 1 плательщиков на 27,118 KZT. Вне выборки потоки неизвестны."
100000001957974100,peripheral,0.2,40,0.525679,"Граница 4-го колена: вход 500,000 KZT, исходящие дальше не наблюдаются; роль получателя не доказана."
100000001960517100,terminal,0.815231,41,0.420785,"Нет наблюдаемых исходящих; вход от 1 плательщиков на 200,000 KZT. Вне выборки потоки неизвестны."
100000001961048100,terminal,0.791568,33,0.464925,"Нет наблюдаемых исходящих; вход от 1 плательщиков на 150,000 KZT. Вне выборки потоки неизвестны."
100000001965374100,peripheral,0.2,21,0.553308,"Недостаточно признаков роли: входящих связей 2, исходящих 3, глубина 2."
100000001969496100,terminal,0.611151,40,0.332324,"Нет наблюдаемых исходящих; вход от 1 плательщиков на 22,740 KZT. Вне выборки потоки неизвестны."
100000001985793100,terminal,0.860471,41,0.410338,"Нет наблюдаемых исходящих; вход от 1 плательщиков на 420,000 KZT. Вне выборки потоки неизвестны."
100000001987030100,peripheral,0.2,3,0.547714,"Недостаточно признаков роли: входящих связей 2, исходящих 1, глубина 1."
100000001991973100,peripheral,0.2,47,0.217163,"Граница 4-го колена: вход 20,800 KZT, исходящие дальше не наблюдаются; роль получателя не доказана."
100000002015633100,terminal,0.75476,10,0.410113,"Нет наблюдаемых исходящих; вход от 1 плательщиков на 94,970 KZT. Вне выборки потоки неизвестны."
100000002028158100,terminal,0.660109,3,0.372932,"Нет наблюдаемых исходящих; вход от 1 плательщиков на 34,800 KZT. Вне выборки потоки неизвестны."
100000002032323100,peripheral,0.2,4,0.560914,"Недостаточно признаков роли: входящих связей 1, исходящих 1, глубина 3."
100000002087788100,terminal,0.764189,10,0.495099,"Нет наблюдаемых исходящих; вход от 1 плательщиков на 100,500 KZT. Вне выборки потоки неизвестны."
100000002095257100,terminal,0.527561,7,0.417772,"Нет наблюдаемых исходящих; вход от 1 плательщиков на 8,500 KZT. Вне выборки потоки неизвестны."
100000002103448100,terminal,0.636718,22,0.220203,"Нет наблюдаемых исходящих; вход от 1 плательщиков на 27,000 KZT. Вне выборки потоки неизвестны."
100000002109656100,terminal,0.870626,24,0.437791,"Нет наблюдаемых исходящих; вход от 1 плательщиков на 500,000 KZT. Вне выборки потоки неизвестны."
100000002116705100,terminal,0.584859,22,0.180874,"Нет наблюдаемых исходящих; вход от 1 плательщиков на 17,600 KZT. Вне выборки потоки неизвестны."
100000002119762100,peripheral,0.2,10,0.467857,"Граница 4-го колена: вход 77,000 KZT, исходящие дальше не наблюдаются; роль получателя не доказана."
100000002121357100,peripheral,0.2,4,0.721785,"Недостаточно признаков роли: входящих связей 2, исходящих 1, глубина 3."
100000002126791100,peripheral,0.2,4,0.68485,"Граница 4-го колена: вход 1,313,000 KZT, исходящие дальше не наблюдаются; роль получателя не доказана."
100000002130400100,peripheral,0.2,26,0.195376,"Граница 4-го колена: вход 10,000 KZT, исходящие дальше не наблюдаются; роль получателя не доказана."
100000002132479100,peripheral,0.2,40,0.510285,"Недостаточно признаков роли: входящих связей 1, исходящих 1, глубина 2."
100000002152857100,peripheral,0.2,41,0.408678,"Недостаточно признаков роли: входящих связей 1, исходящих 5, глубина 1."
100000002156381100,peripheral,0.2,53,0.740535,"Недостаточно признаков роли: входящих связей 2, исходящих 1, глубина 2."
100000002158488100,terminal,0.653762,22,0.238307,"Нет наблюдаемых исходящих; вход от 1 плательщиков на 31,723 KZT. Вне выборки потоки неизвестны."
100000002170580100,terminal,0.791568,11,0.36456,"Нет наблюдаемых исходящих; вход от 1 плательщиков на 150,000 KZT. Вне выборки потоки неизвестны."
100000002173070100,terminal,0.646328,16,0.350017,"Нет наблюдаемых исходящих; вход от 1 плательщиков на 30,000 KZT. Вне выборки потоки неизвестны."
100000002173161100,consolidator,0.62,16,0.779208,"Признаки консолидации: 3 плательщиков, вход 1,427,500 KZT; исходящие 0 KZT."
100000002175422100,consolidator,0.62,36,0.703671,"Признаки консолидации: 3 плательщиков, вход 68,500 KZT; исходящие 1,621,188 KZT."
100000002182176100,terminal,0.677697,0,0.377786,"Нет наблюдаемых исходящих; вход от 1 плательщиков на 42,465 KZT. Вне выборки потоки неизвестны."
100000002184107100,terminal,0.517498,38,0.268342,"Нет наблюдаемых исходящих; вход от 1 плательщиков на 6,066 KZT. Вне выборки потоки неизвестны."
100000002185328100,peripheral,0.2,32,0.517241,"Недостаточно признаков роли: входящих связей 1, исходящих 4, глубина 3."
100000002188586100,peripheral,0.2,18,0.382791,"Граница 4-го колена: вход 38,310 KZT, исходящие дальше не наблюдаются; роль получателя не доказана."
100000002188829100,terminal,0.858386,2,0.657692,"Нет наблюдаемых исходящих; вход от 1 плательщиков на 400,000 KZT. Вне выборки потоки неизвестны."
100000002193259100,peripheral,0.2,7,0.72917,"Недостаточно признаков роли: входящих связей 2, исходящих 3, глубина 2."
100000002194320100,peripheral,0.2,45,0.52685,"Граница 4-го колена: вход 275,000 KZT, исходящие дальше не наблюдаются; роль получателя не доказана."
100000002194329100,terminal,0.628196,0,0.324783,"Нет наблюдаемых исходящих; вход от 1 плательщиков на 25,170 KZT. Вне выборки потоки неизвестны."
100000002199091100,terminal,0.723481,22,0.303545,"Нет наблюдаемых исходящих; вход от 1 плательщиков на 65,000 KZT. Вне выборки потоки неизвестны."
100000002205022100,peripheral,0.2,31,0.604676,"Недостаточно признаков роли: входящих связей 1, исходящих 3, глубина 2."
100000002208836100,peripheral,0.2,10,0.452851,"Граница 4-го колена: вход 90,000 KZT, исходящие дальше не наблюдаются; роль получателя не доказана."
100000002211413100,terminal,0.665639,22,0.248399,"Нет наблюдаемых исходящих; вход от 1 плательщиков на 37,000 KZT. Вне выборки потоки неизвестны."
100000002212494100,terminal,0.796646,36,0.489006,"Нет наблюдаемых исходящих; вход от 1 плательщиков на 160,000 KZT. Вне выборки потоки неизвестны."
100000002214207100,peripheral,0.2,26,0.369431,"Граница 4-го колена: вход 97,000 KZT, исходящие дальше не наблюдаются; роль получателя не доказана."
100000002214301100,peripheral,0.2,0,0.433072,"Недостаточно признаков роли: входящих связей 1, исходящих 1, глубина 1."
100000002214383100,peripheral,0.2,22,0.398249,"Граница 4-го колена: вход 213,000 KZT, исходящие дальше не наблюдаются; роль получателя не доказана."
100000002214570100,terminal,0.635086,22,0.223387,"Нет наблюдаемых исходящих; вход от 1 плательщиков на 26,471 KZT. Вне выборки потоки неизвестны."
100000002214664100,peripheral,0.2,22,0.137842,"Недостаточно признаков роли: входящих связей 1, исходящих 1, глубина 3."
100000002216999100,terminal,0.616591,22,0.205422,"Нет наблюдаемых исходящих; вход от 1 плательщиков на 23,677 KZT. Вне выборки потоки неизвестны."
100000002217161100,peripheral,0.2,38,0.776075,"Недостаточно признаков роли: входящих связей 2, исходящих 7, глубина 2."
100000002217806100,peripheral,0.2,19,0.446907,"Граница 4-го колена: вход 55,000 KZT, исходящие дальше не наблюдаются; роль получателя не доказана."
100000002224132100,consolidator,0.7,21,0.625515,"Признаки консолидации: 5 плательщиков, вход 3,951,020 KZT; исходящие 12,115,000 KZT."
100000002227960100,peripheral,0.2,32,0.301279,"Граница 4-го колена: вход 10,000 KZT, исходящие дальше не наблюдаются; роль получателя не доказана."
100000002227989100,peripheral,0.2,32,0.371087,"Граница 4-го колена: вход 20,000 KZT, исходящие дальше не наблюдаются; роль получателя не доказана."
100000002229615100,peripheral,0.2,32,0.409455,"Граница 4-го колена: вход 25,000 KZT, исходящие дальше не наблюдаются; роль получателя не доказана."
100000002231144100,peripheral,0.2,32,0.347915,"Граница 4-го колена: вход 15,000 KZT, исходящие дальше не наблюдаются; роль получателя не доказана."
100000002232266100,terminal,0.682502,8,0.383413,"Нет наблюдаемых исходящих; вход от 1 плательщиков на 45,000 KZT. Вне выборки потоки неизвестны."
100000002236528100,terminal,0.72466,1,0.42542,"Нет наблюдаемых исходящих; вход от 1 плательщиков на 66,000 KZT. Вне выборки потоки неизвестны."
100000002241986100,peripheral,0.2,30,0.688168,"Недостаточно признаков роли: входящих связей 1, исходящих 6, глубина 3."
100000002242066100,peripheral,0.2,38,0.457174,"Граница 4-го колена: вход 60,000 KZT, исходящие дальше не наблюдаются; роль получателя не доказана."
100000002242455100,peripheral,0.2,10,0.489687,"Граница 4-го колена: вход 110,000 KZT, исходящие дальше не наблюдаются; роль получателя не доказана."
100000002243354100,terminal,0.605168,22,0.200818,"Нет наблюдаемых исходящих; вход от 1 плательщиков на 20,879 KZT. Вне выборки потоки неизвестны."
100000002255058100,terminal,0.868812,2,0.421378,"Нет наблюдаемых исходящих; вход от 1 плательщиков на 491,500 KZT. Вне выборки потоки неизвестны."
100000002257794100,terminal,0.794651,34,0.396157,"Нет наблюдаемых исходящих; вход от 1 плательщиков на 154,000 KZT. Вне выборки потоки неизвестны."
100000002258492100,peripheral,0.2,49,0.432075,"Граница 4-го колена: вход 9,000 KZT, исходящие дальше не наблюдаются; роль получателя не доказана."
100000002267998100,peripheral,0.2,29,0.751981,"Недостаточно признаков роли: входящих связей 2, исходящих 3, глубина 2."
100000002284426100,terminal,0.749048,10,0.405698,"Нет наблюдаемых исходящих; вход от 1 плательщиков на 90,000 KZT. Вне выборки потоки неизвестны."
100000002289937100,terminal,0.598368,22,0.196078,"Нет наблюдаемых исходящих; вход от 1 плательщиков на 20,000 KZT. Вне выборки потоки неизвестны."
100000002293421100,transit,0.607317,0,0.571527,"Признаки транзита: вход 41,000, выход 47,000 KZT; наблюдаемое отношение 1.15."
100000002299948100,terminal,0.519311,42,0.368088,"Нет наблюдаемых исходящих; вход от 1 плательщиков на 6,750 KZT. Вне выборки потоки неизвестны."
100000002301828100,terminal,0.687307,28,0.382368,"Нет наблюдаемых исходящих; вход от 1 плательщиков на 46,977 KZT. Вне выборки потоки неизвестны."
100000002304943100,peripheral,0.2,32,0.32634,"Граница 4-го колена: вход 15,000 KZT, исходящие дальше не наблюдаются; роль получателя не доказана."
100000002305007100,terminal,0.713418,22,0.280485,"Нет наблюдаемых исходящих; вход от 1 плательщиков на 56,000 KZT. Вне выборки потоки неизвестны."
100000002305477100,peripheral,0.2,32,0.351114,"Граница 4-го колена: вход 20,000 KZT, исходящие дальше не наблюдаются; роль получателя не доказана."
100000002306369100,peripheral,0.2,2,0.602337,"Недостаточно признаков роли: входящих связей 1, исходящих 6, глубина 1."
100000002308091100,terminal,0.807888,24,0.397046,"Нет наблюдаемых исходящих; вход от 1 плательщиков на 186,720 KZT. Вне выборки потоки неизвестны."
100000002320495100,peripheral,0.2,28,0.358785,"Граница 4-го колена: вход 13,526 KZT, исходящие дальше не наблюдаются; роль получателя не доказана."
100000002324543100,terminal,0.650136,4,0.224163,"Нет наблюдаемых исходящих; вход от 1 плательщиков на 30,202 KZT. Вне выборки потоки неизвестны."
100000002335358100,terminal,0.785857,16,0.507085,"Нет наблюдаемых исходящих; вход от 1 плательщиков на 140,000 KZT. Вне выборки потоки неизвестны."
100000002340562100,terminal,0.665005,1,0.30165,"Нет наблюдаемых исходящих; вход от 1 плательщиков на 36,650 KZT. Вне выборки потоки неизвестны."
100000002343825100,consolidator,0.62,4,0.791296,"Признаки консолидации: 3 плательщиков, вход 350,000 KZT; исходящие 89,800 KZT."
100000002346166100,terminal,0.516228,22,0.132019,"Нет наблюдаемых исходящих; вход от 1 плательщиков на 6,000 KZT. Вне выборки потоки неизвестны."
100000002356167100,peripheral,0.2,10,0.592751,"Недостаточно признаков роли: входящих связей 1, исходящих 2, глубина 3."
100000002369443100,terminal,0.698187,22,0.268785,"Нет наблюдаемых исходящих; вход от 1 плательщиков на 50,000 KZT. Вне выборки потоки неизвестны."
100000002369454100,peripheral,0.2,8,0.390794,"Граница 4-го колена: вход 25,000 KZT, исходящие дальше не наблюдаются; роль получателя не доказана."
100000002369510100,terminal,0.666183,22,0.243734,"Нет наблюдаемых исходящих; вход от 1 плательщиков на 37,150 KZT. Вне выборки потоки неизвестны."
100000002369874100,consolidator,0.66,4,0.762059,"Признаки консолидации: 4 плательщиков, вход 600,000 KZT; исходящие 0 KZT."
100000002371751100,peripheral,0.2,37,0.394474,"Недостаточно признаков роли: входящих связей 1, исходящих 1, глубина 1."
100000002371892100,peripheral,0.2,54,0.396397,"Граница 4-го колена: вход 43,830 KZT, исходящие дальше не наблюдаются; роль получателя не доказана."
100000002373144100,peripheral,0.2,0,0.40815,"Недостаточно признаков роли: входящих связей 1, исходящих 1, глубина 3."
100000002373386100,terminal,0.618858,22,0.206927,"Нет наблюдаемых исходящих; вход от 1 плательщиков на 24,000 KZT. Вне выборки потоки неизвестны."
100000002380341100,terminal,0.714687,0,0.420388,"Нет наблюдаемых исходящих; вход от 1 плательщиков на 57,566 KZT. Вне выборки потоки неизвестны."
100000002391278100,peripheral,0.2,41,0.279078,"Недостаточно признаков роли: входящих связей 1, исходящих 1, глубина 3."
100000002394199100,peripheral,0.2,1,0.428726,"Недостаточно признаков роли: входящих связей 1, исходящих 1, глубина 3."
100000002398779100,consolidator,0.9,0,0.796861,"Признаки консолидации: 13 плательщиков, вход 1,095,690 KZT; исходящие 66,000 KZT."
100000002404112100,peripheral,0.2,14,0.433153,"Граница 4-го колена: вход 60,000 KZT, исходящие дальше не наблюдаются; роль получателя не доказана."
100000002432143100,terminal,0.740798,2,0.561626,"Нет наблюдаемых исходящих; вход от 1 плательщиков на 81,310 KZT. Вне выборки потоки неизвестны."
100000002433697100,transit,0.592308,10,0.467392,"Признаки транзита: вход 130,000, выход 110,000 KZT; наблюдаемое отношение 0.85."
100000002435265100,terminal,0.781596,0,0.441477,"Нет наблюдаемых исходящих; вход от 1 плательщиков на 132,628 KZT. Вне выборки потоки неизвестны."
100000002443664100,consolidator,0.62,24,0.754057,"Признаки консолидации: 3 плательщиков, вход 556,880 KZT; исходящие 0 KZT."
100000002445750100,peripheral,0.2,0,0.501164,"Недостаточно признаков роли: входящих связей 1, исходящих 1, глубина 2."
100000002448088100,consolidator,0.62,32,0.522573,"Признаки консолидации: 3 плательщиков, вход 20,000 KZT; исходящие 25,000 KZT."
100000002454724100,terminal,0.777879,33,0.45321,"Нет наблюдаемых исходящих; вход от 1 плательщиков на 125,000 KZT. Вне выборки потоки неизвестны."
100000002457464100,terminal,0.725204,2,0.526308,"Нет наблюдаемых исходящих; вход от 1 плательщиков на 66,647 KZT. Вне выборки потоки неизвестны."
100000002459093100,peripheral,0.2,41,0.418775,"Недостаточно признаков роли: входящих связей 1, исходящих 1, глубина 2."
100000002459163100,terminal,0.603536,39,0.247885,"Нет наблюдаемых исходящих; вход от 1 плательщиков на 20,180 KZT. Вне выборки потоки неизвестны."
100000002459164100,terminal,0.598368,0,0.384833,"Нет наблюдаемых исходящих; вход от 1 плательщиков на 20,000 KZT. Вне выборки потоки неизвестны."
100000002459240100,terminal,0.791568,10,0.44037,"Нет наблюдаемых исходящих; вход от 1 плательщиков на 150,000 KZT. Вне выборки потоки неизвестны."
100000002459832100,terminal,0.88767,35,0.642613,"Нет наблюдаемых исходящих; вход от 2 плательщиков на 880,606 KZT. Вне выборки потоки неизвестны."
100000002462183100,terminal,0.768087,55,0.353665,"Нет наблюдаемых исходящих; вход от 1 плательщиков на 107,500 KZT. Вне выборки потоки неизвестны."
100000002469065100,terminal,0.815231,16,0.48999,"Нет наблюдаемых исходящих; вход от 1 плательщиков на 200,000 KZT. Вне выборки потоки неизвестны."
100000002472632100,peripheral,0.2,13,0.694066,"Недостаточно признаков роли: входящих связей 2, исходящих 1, глубина 3."
100000002474570100,peripheral,0.2,47,0.143999,"Граница 4-го колена: вход 6,750 KZT, исходящие дальше не наблюдаются; роль получателя не доказана."
100000002475601100,terminal,0.825295,35,0.362374,"Нет наблюдаемых исходящих; вход от 1 плательщиков на 232,301 KZT. Вне выборки потоки неизвестны."
100000002478829100,peripheral,0.2,32,0.407139,"Граница 4-го колена: вход 34,000 KZT, исходящие дальше не наблюдаются; роль получателя не доказана."
100000002479804100,peripheral,0.2,2,0.299584,"Недостаточно признаков роли: входящих связей 1, исходящих 2, глубина 1."
100000002480800100,terminal,0.876247,2,0.783721,"Нет наблюдаемых исходящих; вход от 2 плательщиков на 569,251 KZT. Вне выборки потоки неизвестны."
100000002481735100,terminal,0.610607,16,0.374066,"Нет наблюдаемых исходящих; вход от 1 плательщиков на 22,436 KZT. Вне выборки потоки неизвестны."
100000002481974100,peripheral,0.2,8,0.619707,"Недостаточно признаков роли: входящих связей 2, исходящих 2, глубина 3."
100000002487222100,peripheral,0.2,10,0.442976,"Граница 4-го колена: вход 90,000 KZT, исходящие дальше не наблюдаются; роль получателя не доказана."
100000002488629100,terminal,0.732366,41,0.300557,"Нет наблюдаемых исходящих; вход от 1 плательщиков на 73,050 KZT. Вне выборки потоки неизвестны."
100000002489253100,terminal,0.703445,16,0.40749,"Нет наблюдаемых исходящих; вход от 1 плательщиков на 51,000 KZT. Вне выборки потоки неизвестны."
100000002492277100,terminal,0.784406,2,0.462895,"Нет наблюдаемых исходящих; вход от 1 плательщиков на 138,500 KZT. Вне выборки потоки неизвестны."
100000002505277100,peripheral,0.2,0,0.446831,"Граница 4-го колена: вход 60,000 KZT, исходящие дальше не наблюдаются; роль получателя не доказана."
100000002506987100,peripheral,0.2,18,0.358852,"Граница 4-го колена: вход 28,200 KZT, исходящие дальше не наблюдаются; роль получателя не доказана."
100000002508637100,peripheral,0.2,35,0.384121,"Недостаточно признаков роли: входящих связей 1, исходящих 1, глубина 3."
100000002509598100,terminal,0.844515,24,0.412797,"Нет наблюдаемых исходящих; вход от 1 плательщиков на 305,550 KZT. Вне выборки потоки неизвестны."
100000002511581100,terminal,0.584859,22,0.180874,"Нет наблюдаемых исходящих; вход от 1 плательщиков на 17,600 KZT. Вне выборки потоки неизвестны."
100000002511825100,terminal,0.723481,0,0.414096,"Нет наблюдаемых исходящих; вход от 1 плательщиков на 65,000 KZT. Вне выборки потоки неизвестны."
100000002512742100,peripheral,0.2,47,0.140226,"Граница 4-го колена: вход 6,000 KZT, исходящие дальше не наблюдаются; роль получателя не доказана."
100000002513028100,peripheral,0.2,56,0.460489,"Недостаточно признаков роли: входящих связей 1, исходящих 3, глубина 3."
100000002514975100,peripheral,0.2,14,0.373867,"Граница 4-го колена: вход 17,920 KZT, исходящие дальше не наблюдаются; роль получателя не доказана."
100000002516862100,peripheral,0.2,56,0.452948,"Граница 4-го колена: вход 81,710 KZT, исходящие дальше не наблюдаются; роль получателя не доказана."
100000002521039100,terminal,0.850136,0,0.502197,"Нет наблюдаемых исходящих; вход от 1 плательщиков на 349,370 KZT. Вне выборки потоки неизвестны."
100000002527114100,distributor,0.9,22,0.467523,"Признаки распределения: 111 получателей, 113 переводов, исходящие 3,289,249 KZT."
100000002528544100,terminal,0.81097,35,0.349417,"Нет наблюдаемых исходящих; вход от 1 плательщиков на 192,912 KZT. Вне выборки потоки неизвестны."
100000002528978100,peripheral,0.2,18,0.308162,"Граница 4-го колена: вход 15,900 KZT, исходящие дальше не наблюдаются; роль получателя не доказана."
100000002529877100,peripheral,0.2,24,0.577675,"Граница 4-го колена: вход 232,000 KZT, исходящие дальше не наблюдаются; роль получателя не доказана."
100000002529880100,terminal,0.789937,4,0.64689,"Нет наблюдаемых исходящих; вход от 2 плательщиков на 147,000 KZT. Вне выборки потоки неизвестны."
100000002530224100,terminal,0.772711,4,0.544338,"Нет наблюдаемых исходящих; вход от 1 плательщиков на 113,000 KZT. Вне выборки потоки неизвестны."
100000002531406100,transit,0.823077,35,0.411708,"Признаки транзита: вход 520,000, выход 500,000 KZT; наблюдаемое отношение 0.96."
100000002534091100,terminal,0.610154,8,0.341176,"Нет наблюдаемых исходящих; вход от 1 плательщиков на 22,200 KZT. Вне выборки потоки неизвестны."
100000002537811100,peripheral,0.2,11,0.638181,"Недостаточно признаков роли: входящих связей 1, исходящих 1, глубина 3."
100000002539625100,terminal,0.754216,4,0.572459,"Нет наблюдаемых исходящих; вход от 1 плательщиков на 94,700 KZT. Вне выборки потоки неизвестны."
100000002540033100,peripheral,0.2,46,0.464521,"Граница 4-го колена: вход 10,000 KZT, исходящие дальше не наблюдаются; роль получателя не доказана."
100000002540623100,terminal,0.760925,11,0.339936,"Нет наблюдаемых исходящих; вход от 1 плательщиков на 100,000 KZT. Вне выборки потоки неизвестны."
100000002546921100,terminal,0.598368,40,0.3222,"Нет наблюдаемых исходящих; вход от 1 плательщиков на 20,000 KZT. Вне выборки потоки неизвестны."
100000002547110100,consolidator,0.74,4,0.779708,"Признаки консолидации: 6 плательщиков, вход 1,500,000 KZT; исходящие 0 KZT."
100000002548759100,terminal,0.854125,4,0.710578,"Нет наблюдаемых исходящих; вход от 2 плательщиков на 375,000 KZT. Вне выборки потоки неизвестны."
100000002550141100,terminal,0.76437,8,0.450728,"Нет наблюдаемых исходящих; вход от 1 плательщиков на 100,586 KZT. Вне выборки потоки неизвестны."
100000002554175100,terminal,0.621487,18,0.345368,"Нет наблюдаемых исходящих; вход от 1 плательщиков на 24,621 KZT. Вне выборки потоки неизвестны."
100000002556775100,terminal,0.842702,10,0.484583,"Нет наблюдаемых исходящих; вход от 1 плательщиков на 300,000 KZT. Вне выборки потоки неизвестны."
100000002558173100,terminal,0.530644,42,0.38122,"Нет наблюдаемых исходящих; вход от 1 плательщиков на 9,300 KZT. Вне выборки потоки неизвестны."
100000002559089100,terminal,0.882412,24,0.751567,"Нет наблюдаемых исходящих; вход от 2 плательщиков на 715,000 KZT. Вне выборки потоки неизвестны."
100000002565277100,terminal,0.867724,2,0.665708,"Нет наблюдаемых исходящих; вход от 1 плательщиков на 483,319 KZT. Вне выборки потоки неизвестны."
100000002566204100,terminal,0.740254,11,0.324348,"Нет наблюдаемых исходящих; вход от 1 плательщиков на 80,805 KZT. Вне выборки потоки неизвестны."
100000002567887100,terminal,0.70272,10,0.37185,"Нет наблюдаемых исходящих; вход от 1 плательщиков на 50,915 KZT. Вне выборки потоки неизвестны."
100000002570206100,terminal,0.800091,28,0.571327,"Нет наблюдаемых исходящих; вход от 2 плательщиков на 166,960 KZT. Вне выборки потоки неизвестны."
100000002575080100,transit,0.823077,3,0.396387,"Признаки транзита: вход 13,000, выход 12,500 KZT; наблюдаемое отношение 0.96."
100000002578405100,distributor,0.9,22,0.570542,"Признаки распределения: 116 получателей, 120 переводов, исходящие 3,108,352 KZT."
100000002578653100,terminal,0.598368,57,0.349379,"Нет наблюдаемых исходящих; вход от 1 плательщиков на 20,000 KZT. Вне выборки потоки неизвестны."
100000002580377100,peripheral,0.2,16,0.396013,"Недостаточно признаков роли: входящих связей 1, исходящих 1, глубина 1."
100000002581346100,terminal,0.799909,10,0.447229,"Нет наблюдаемых исходящих; вход от 1 плательщиков на 166,400 KZT. Вне выборки потоки неизвестны."
100000002589019100,terminal,0.659927,7,0.239758,"Нет наблюдаемых исходящих; вход от 1 плательщиков на 34,710 KZT. Вне выборки потоки неизвестны."
100000002591469100,terminal,0.826564,1,0.35863,"Нет наблюдаемых исходящих; вход от 1 плательщиков на 235,670 KZT. Вне выборки потоки неизвестны."
100000002592567100,peripheral,0.2,16,0.418995,"Недостаточно признаков роли: входящих связей 1, исходящих 2, глубина 1."
100000002593038100,terminal,0.640073,7,0.508199,"Нет наблюдаемых исходящих; вход от 1 плательщиков на 28,500 KZT. Вне выборки потоки неизвестны."
100000002593344100,terminal,0.861922,4,0.733645,"Нет наблюдаемых исходящих; вход от 2 плательщиков на 431,000 KZT. Вне выборки потоки неизвестны."
100000002594214100,peripheral,0.2,30,0.549083,"Граница 4-го колена: вход 1,000,000 KZT, исходящие дальше не наблюдаются; роль получателя не доказана."
100000002596035100,terminal,0.824932,11,0.587971,"Нет наблюдаемых исходящих; вход от 1 плательщиков на 231,570 KZT. Вне выборки потоки неизвестны."
100000002596039100,peripheral,0.2,8,0.494026,"Граница 4-го колена: вход 280,000 KZT, исходящие дальше не наблюдаются; роль получателя не доказана."
100000002597003100,peripheral,0.2,0,0.341828,"Недостаточно признаков роли: входящих связей 1, исходящих 1, глубина 1."
100000002597074100,peripheral,0.2,0,0.303345,"Граница 4-го колена: вход 8,000 KZT, исходящие дальше не наблюдаются; роль получателя не доказана."
100000002597623100,terminal,0.576881,0,0.291288,"Нет наблюдаемых исходящих; вход от 1 плательщиков на 16,418 KZT. Вне выборки потоки неизвестны."
100000002599729100,peripheral,0.2,0,0.456045,"Граница 4-го колена: вход 65,000 KZT, исходящие дальше не наблюдаются; роль получателя не доказана."
100000002600345100,terminal,0.705984,16,0.490802,"Нет наблюдаемых исходящих; вход от 2 плательщиков на 52,400 KZT. Вне выборки потоки неизвестны."
100000002603371100,terminal,0.530644,0,0.2736,"Нет наблюдаемых исходящих; вход от 1 плательщиков на 9,300 KZT. Вне выборки потоки неизвестны."
100000002603478100,terminal,0.614506,7,0.204852,"Нет наблюдаемых исходящих; вход от 1 плательщиков на 23,500 KZT. Вне выборки потоки неизвестны."
100000002603769100,consolidator,0.62,0,0.675621,"Признаки консолидации: 3 плательщиков, вход 1,185,368 KZT; исходящие 0 KZT."
100000002605184100,terminal,0.785857,3,0.487512,"Нет наблюдаемых исходящих; вход от 1 плательщиков на 140,000 KZT. Вне выборки потоки неизвестны."
100000002605308100,consolidator,0.62,40,0.827778,"Признаки консолидации: 3 плательщиков, вход 2,569,522 KZT; исходящие 0 KZT."
100000002605548100,terminal,0.773799,11,0.680812,"Нет наблюдаемых исходящих; вход от 2 плательщиков на 116,695 KZT. Вне выборки потоки неизвестны."
100000002606567100,peripheral,0.2,0,0.323181,"Недостаточно признаков роли: входящих связей 1, исходящих 1, глубина 1."
100000002609774100,peripheral,0.2,18,0.388861,"Недостаточно признаков роли: входящих связей 1, исходящих 1, глубина 1."
100000002611334100,peripheral,0.2,0,0.438835,"Недостаточно признаков роли: входящих связей 1, исходящих 1, глубина 3."
100000002612809100,peripheral,0.2,26,0.354766,"Недостаточно признаков роли: входящих связей 1, исходящих 3, глубина 3."
100000002613776100,terminal,0.646328,2,0.371392,"Нет наблюдаемых исходящих; вход от 1 плательщиков на 30,000 KZT. Вне выборки потоки неизвестны."
100000002613929100,terminal,0.640345,4,0.510548,"Нет наблюдаемых исходящих; вход от 1 плательщиков на 28,560 KZT. Вне выборки потоки неизвестны."
100000002614095100,terminal,0.511967,22,0.128866,"Нет наблюдаемых исходящих; вход от 1 плательщиков на 5,300 KZT. Вне выборки потоки неизвестны."
100000002615479100,terminal,0.821759,4,0.365947,"Нет наблюдаемых исходящих; вход от 1 плательщиков на 220,000 KZT. Вне выборки потоки неизвестны."
100000002618492100,terminal,0.841251,11,0.700892,"Нет наблюдаемых исходящих; вход от 2 плательщиков на 296,500 KZT. Вне выборки потоки неизвестны."
100000002621434100,terminal,0.740526,4,0.518529,"Нет наблюдаемых исходящих; вход от 1 плательщиков на 81,000 KZT. Вне выборки потоки неизвестны."
100000002621915100,terminal,0.505168,16,0.323825,"Нет наблюдаемых исходящих; вход от 1 плательщиков на 5,000 KZT. Вне выборки потоки неизвестны."
100000002621949100,terminal,0.798277,2,0.60758,"Нет наблюдаемых исходящих; вход от 1 плательщиков на 164,612 KZT. Вне выборки потоки неизвестны."
100000002622822100,peripheral,0.2,46,0.686697,"Граница 4-го колена: вход 750,000 KZT, исходящие дальше не наблюдаются; роль получателя не доказана."
100000002628146100,terminal,0.650499,42,0.47806,"Нет наблюдаемых исходящих; вход от 1 плательщиков на 30,500 KZT. Вне выборки потоки неизвестны."
100000002628576100,peripheral,0.2,10,0.694531,"Недостаточно признаков роли: входящих связей 2, исходящих 2, глубина 3."
100000002632742100,terminal,0.826383,4,0.677898,"Нет наблюдаемых исходящих; вход от 2 плательщиков на 235,500 KZT. Вне выборки потоки неизвестны."
100000002633108100,terminal,0.845875,40,0.523199,"Нет наблюдаемых исходящих; вход от 1 плательщиков на 320,000 KZT. Вне выборки потоки неизвестны."
100000002633701100,terminal,0.834905,4,0.375453,"Нет наблюдаемых исходящих; вход от 1 плательщиков на 266,850 KZT. Вне выборки потоки неизвестны."
100000002635746100,peripheral,0.2,47,0.135895,"Граница 4-го колена: вход 5,300 KZT, исходящие дальше не наблюдаются; роль получателя не доказана."
100000002635780100,terminal,0.797915,1,0.623836,"Нет наблюдаемых исходящих; вход от 1 плательщиков на 163,000 KZT. Вне выборки потоки неизвестны."
100000002644285100,terminal,0.870626,24,0.437791,"Нет наблюдаемых исходящих; вход от 1 плательщиков на 500,000 KZT. Вне выборки потоки неизвестны."
100000002645046100,peripheral,0.2,47,0.173387,"Граница 4-го колена: вход 12,000 KZT, исходящие дальше не наблюдаются; роль получателя не доказана."
100000002645609100,consolidator,0.66,0,0.651409,"Признаки консолидации: 4 плательщиков, вход 546,821 KZT; исходящие 0 KZT."
100000002645993100,peripheral,0.2,0,0.586373,"Недостаточно признаков роли: входящих связей 2, исходящих 5, глубина 3."
100000002646745100,terminal,0.553853,22,0.158337,"Нет наблюдаемых исходящих; вход от 1 плательщиков на 12,300 KZT. Вне выборки потоки неизвестны."
100000002646887100,terminal,0.620762,4,0.345715,"Нет наблюдаемых исходящих; вход от 1 плательщиков на 24,354 KZT. Вне выборки потоки неизвестны."
100000002648315100,peripheral,0.2,1,0.352267,"Недостаточно признаков роли: входящих связей 1, исходящих 2, глубина 1."
100000002653187100,peripheral,0.2,7,0.448152,"Граница 4-го колена: вход 15,000 KZT, исходящие дальше не наблюдаются; роль получателя не доказана."
100000002653948100,terminal,0.744968,10,0.40257,"Нет наблюдаемых исходящих; вход от 1 плательщиков на 85,200 KZT. Вне выборки потоки неизвестны."
100000002659103100,peripheral,0.2,50,0.489221,"Граница 4-го колена: вход 165,000 KZT, исходящие дальше не наблюдаются; роль получателя не доказана."
100000002659265100,peripheral,0.2,4,0.563897,"Граница 4-го колена: вход 141,000 KZT, исходящие дальше не наблюдаются; роль получателя не доказана."
100000002660298100,peripheral,0.2,18,0.368135,"Граница 4-го колена: вход 30,900 KZT, исходящие дальше не наблюдаются; роль получателя не доказана."
100000002662768100,terminal,0.743518,2,0.315178,"Нет наблюдаемых исходящих; вход от 1 плательщиков на 84,300 KZT. Вне выборки потоки неизвестны."
100000002663511100,terminal,0.83563,0,0.496467,"Нет наблюдаемых исходящих; вход от 1 плательщиков на 268,940 KZT. Вне выборки потоки неизвестны."
100000002666248100,terminal,0.730281,2,0.549246,"Нет наблюдаемых исходящих; вход от 1 плательщиков на 70,032 KZT. Вне выборки потоки неизвестны."
100000002670463100,peripheral,0.2,47,0.255024,"Граница 4-го колена: вход 31,500 KZT, исходящие дальше не наблюдаются; роль получателя не доказана."
100000002670860100,terminal,0.864007,24,0.526805,"Нет наблюдаемых исходящих; вход от 2 плательщиков на 450,000 KZT. Вне выборки потоки неизвестны."
100000002670960100,terminal,0.867543,24,0.435197,"Нет наблюдаемых исходящих; вход от 1 плательщиков на 480,310 KZT. Вне выборки потоки неизвестны."
100000002671326100,peripheral,0.2,4,0.572701,"Граница 4-го колена: вход 1,050,000 KZT, исходящие дальше не наблюдаются; роль получателя не доказана."
100000002671806100,terminal,0.554397,7,0.159299,"Нет наблюдаемых исходящих; вход от 1 плательщиков на 12,440 KZT. Вне выборки потоки неизвестны."
100000002677201100,peripheral,0.2,4,0.595073,"Недостаточно признаков роли: входящих связей 1, исходящих 1, глубина 3."
100000002679516100,consolidator,0.62,7,0.697452,"Признаки консолидации: 3 плательщиков, вход 102,335 KZT; исходящие 0 KZT."
100000002680477100,terminal,0.625023,24,0.225771,"Нет наблюдаемых исходящих; вход от 1 плательщиков на 25,000 KZT. Вне выборки потоки неизвестны."
100000002681449100,peripheral,0.2,51,0.53308,"Недостаточно признаков роли: входящих связей 2, исходящих 2, глубина 1."
100000002681544100,terminal,0.799547,1,0.577082,"Нет наблюдаемых исходящих; вход от 2 плательщиков на 166,072 KZT. Вне выборки потоки неизвестны."
100000002686226100,peripheral,0.2,28,0.55598,"Граница 4-го колена: вход 430,000 KZT, исходящие дальше не наблюдаются; роль получателя не доказана."
100000002689717100,peripheral,0.2,18,0.400952,"Граница 4-го колена: вход 47,500 KZT, исходящие дальше не наблюдаются; роль получателя не доказана."
100000002691583100,terminal,0.839619,14,0.516042,"Нет наблюдаемых исходящих; вход от 1 плательщиков на 285,200 KZT. Вне выборки потоки неизвестны."
100000002691858100,terminal,0.704533,42,0.519261,"Нет наблюдаемых исходящих; вход от 1 плательщиков на 51,500 KZT. Вне выборки потоки неизвестны."
100000002692044100,terminal,0.756301,7,0.318897,"Нет наблюдаемых исходящих; вход от 1 плательщиков на 97,000 KZT. Вне выборки потоки неизвестны."
100000002692750100,consolidator,0.62,41,0.679298,"Признаки консолидации: 3 плательщиков, вход 112,830 KZT; исходящие 77,000 KZT."
100000002695812100,peripheral,0.2,18,0.454157,"Граница 4-го колена: вход 95,000 KZT, исходящие дальше не наблюдаются; роль получателя не доказана."
100000002696152100,peripheral,0.2,53,0.590451,"Недостаточно признаков роли: входящих связей 1, исходящих 2, глубина 3."
100000002697752100,terminal,0.809882,8,0.581718,"Нет наблюдаемых исходящих; вход от 2 плательщиков на 190,785 KZT. Вне выборки потоки неизвестны."
100000002700161100,peripheral,0.2,48,0.568204,"Граница 4-го колена: вход 39,000 KZT, исходящие дальше не наблюдаются; роль получателя не доказана."
100000002702968100,peripheral,0.2,18,0.369895,"Граница 4-го колена: вход 31,600 KZT, исходящие дальше не наблюдаются; роль получателя не доказана."
100000002703376100,terminal,0.686401,0,0.381446,"Нет наблюдаемых исходящих; вход от 1 плательщиков на 46,501 KZT. Вне выборки потоки неизвестны."
100000002704875100,consolidator,0.62,8,0.604224,"Признаки консолидации: 3 плательщиков, вход 244,891 KZT; исходящие 0 KZT."
100000002705460100,terminal,0.755122,16,0.485073,"Нет наблюдаемых исходящих; вход от 1 плательщиков на 95,000 KZT. Вне выборки потоки неизвестны."
100000002706810100,peripheral,0.2,47,0.279445,"Граница 4-го колена: вход 45,000 KZT, исходящие дальше не наблюдаются; роль получателя не доказана."
100000002707106100,peripheral,0.2,40,0.285504,"Граница 4-го колена: вход 15,000 KZT, исходящие дальше не наблюдаются; роль получателя не доказана."
100000002708624100,terminal,0.625023,13,0.375069,"Нет наблюдаемых исходящих; вход от 1 плательщиков на 25,000 KZT. Вне выборки потоки неизвестны."
100000002710570100,terminal,0.822937,36,0.524433,"Нет наблюдаемых исходящих; вход от 1 плательщиков на 225,015 KZT. Вне выборки потоки неизвестны."
100000002712416100,terminal,0.774161,24,0.655752,"Нет наблюдаемых исходящих; вход от 2 плательщиков на 116,800 KZT. Вне выборки потоки неизвестны."
100000002713074100,peripheral,0.2,28,0.67849,"Недостаточно признаков роли: входящих связей 2, исходящих 1, глубина 3."
100000002713974100,peripheral,0.2,8,0.421152,"Граница 4-го колена: вход 50,000 KZT, исходящие дальше не наблюдаются; роль получателя не доказана."
100000002718366100,consolidator,0.74,4,0.809459,"Признаки консолидации: 6 плательщиков, вход 2,525,000 KZT; исходящие 0 KZT."
100000002720627100,terminal,0.813327,11,0.577915,"Нет наблюдаемых исходящих; вход от 1 плательщиков на 199,300 KZT. Вне выборки потоки неизвестны."
100000002721825100,terminal,0.548323,0,0.350485,"Нет наблюдаемых исходящих; вход от 1 плательщиков на 11,000 KZT. Вне выборки потоки неизвестны."
100000002722108100,terminal,0.885675,24,0.456049,"Нет наблюдаемых исходящих; вход от 1 плательщиков на 800,000 KZT. Вне выборки потоки неизвестны."
100000002723439100,peripheral,0.2,53,0.47042,"Граница 4-го колена: вход 18,000 KZT, исходящие дальше не наблюдаются; роль получателя не доказана."
100000002723538100,distributor,0.66,8,0.700537,"Признаки распределения: 12 получателей, 14 переводов, исходящие 560,499 KZT."
100000002723674100,peripheral,0.2,32,0.387851,"Граница 4-го колена: вход 30,000 KZT, исходящие дальше не наблюдаются; роль получателя не доказана."
100000002726055100,peripheral,0.2,32,0.3247,"Граница 4-го колена: вход 10,000 KZT, исходящие дальше не наблюдаются; роль получателя не доказана."
100000002727288100,terminal,0.57534,3,0.352647,"Нет наблюдаемых исходящих; вход от 1 плательщиков на 16,000 KZT. Вне выборки потоки неизвестны."
100000002728246100,peripheral,0.2,10,0.346942,"Граница 4-го колена: вход 10,000 KZT, исходящие дальше не наблюдаются; роль получателя не доказана."
100000002729875100,peripheral,0.2,18,0.438048,"Граница 4-го колена: вход 76,000 KZT, исходящие дальше не наблюдаются; роль получателя не доказана."
100000002731501100,consolidator,0.62,34,0.537303,"Признаки консолидации: 3 плательщиков, вход 570,370 KZT; исходящие 833,960 KZT."
100000002733083100,peripheral,0.2,18,0.305059,"Граница 4-го колена: вход 15,200 KZT, исходящие дальше не наблюдаются; роль получателя не доказана."
100000002733905100,consolidator,0.62,22,0.488201,"Признаки консолидации: 3 плательщиков, вход 100,000 KZT; исходящие 717,839 KZT."
100000002734815100,peripheral,0.2,4,0.548109,"Граница 4-го колена: вход 110,000 KZT, исходящие дальше не наблюдаются; роль получателя не доказана."
100000002736033100,peripheral,0.2,28,0.405904,"Недостаточно признаков роли: входящих связей 1, исходящих 1, глубина 3."
100000002736316100,consolidator,0.62,0,0.624418,"Признаки консолидации: 3 плательщиков, вход 266,921 KZT; исходящие 0 KZT."
100000002737980100,terminal,0.655757,16,0.367899,"Нет наблюдаемых исходящих; вход от 1 плательщиков на 32,900 KZT. Вне выборки потоки неизвестны."
100000002738256100,transit,0.569774,58,0.379568,"Признаки транзита: вход 150,200, выход 175,000 KZT; наблюдаемое отношение 1.17."
100000002741024100,consolidator,0.7,0,0.812913,"Признаки консолидации: 5 плательщиков, вход 817,981 KZT; исходящие 434,989 KZT."
100000002742067100,terminal,0.555485,3,0.289837,"Нет наблюдаемых исходящих; вход от 1 плательщиков на 12,730 KZT. Вне выборки потоки неизвестны."
100000002744581100,terminal,0.551315,1,0.206528,"Нет наблюдаемых исходящих; вход от 1 плательщиков на 12,000 KZT. Вне выборки потоки неизвестны."
100000002748040100,peripheral,0.2,18,0.318583,"Граница 4-го колена: вход 18,000 KZT, исходящие дальше не наблюдаются; роль получателя не доказана."
100000002748180100,peripheral,0.2,24,0.243007,"Недостаточно признаков роли: входящих связей 1, исходящих 8, глубина 1."
100000002748511100,peripheral,0.2,16,0.387813,"Граница 4-го колена: вход 20,000 KZT, исходящие дальше не наблюдаются; роль получателя не доказана."
100000002748532100,consolidator,0.62,46,0.80646,"Признаки консолидации: 3 плательщиков, вход 355,575 KZT; исходящие 646,685 KZT."
100000002748581100,terminal,0.676065,40,0.38375,"Нет наблюдаемых исходящих; вход от 1 плательщиков на 41,180 KZT. Вне выборки потоки неизвестны."
100000002748761100,terminal,0.885494,24,0.455847,"Нет наблюдаемых исходящих; вход от 1 плательщиков на 796,800 KZT. Вне выборки потоки неизвестны."
100000002750332100,terminal,0.549501,4,0.153437,"Нет наблюдаемых исходящих; вход от 1 плательщиков на 11,360 KZT. Вне выборки потоки неизвестны."
100000002750956100,terminal,0.690027,0,0.387538,"Нет наблюдаемых исходящих; вход от 1 плательщиков на 47,416 KZT. Вне выборки потоки неизвестны."
100000002752565100,peripheral,0.2,8,0.433313,"Граница 4-го колена: вход 57,000 KZT, исходящие дальше не наблюдаются; роль получателя не доказана."
100000002753146100,terminal,0.885857,24,0.456251,"Нет наблюдаемых исходящих; вход от 1 плательщиков на 803,540 KZT. Вне выборки потоки неизвестны."
100000002755292100,terminal,0.81786,10,0.46214,"Нет наблюдаемых исходящих; вход от 1 плательщиков на 203,400 KZT. Вне выборки потоки неизвестны."
100000002757240100,terminal,0.70417,2,0.531883,"Нет наблюдаемых исходящих; вход от 1 плательщиков на 51,183 KZT. Вне выборки потоки неизвестны."
100000002757791100,terminal,0.732366,41,0.311589,"Нет наблюдаемых исходящих; вход от 1 плательщиков на 73,050 KZT. Вне выборки потоки неизвестны."
100000002757797100,terminal,0.760925,7,0.322232,"Нет наблюдаемых исходящих; вход от 1 плательщиков на 100,000 KZT. Вне выборки потоки неизвестны."
100000002760175100,terminal,0.80825,11,0.573408,"Нет наблюдаемых исходящих; вход от 1 плательщиков на 187,410 KZT. Вне выборки потоки неизвестны."
100000002762076100,peripheral,0.2,1,0.4658,"Недостаточно признаков роли: входящих связей 2, исходящих 1, глубина 1."
100000002769809100,terminal,0.773073,43,0.477965,"Нет наблюдаемых исходящих; вход от 1 плательщиков на 113,422 KZT. Вне выборки потоки неизвестны."
100000002773323100,peripheral,0.2,4,0.725756,"Недостаточно признаков роли: входящих связей 2, исходящих 1, глубина 3."
100000002774456100,terminal,0.702176,11,0.482956,"Нет наблюдаемых исходящих; вход от 1 плательщиков на 50,363 KZT. Вне выборки потоки неизвестны."
100000002778085100,terminal,0.725023,16,0.405496,"Нет наблюдаемых исходящих; вход от 1 плательщиков на 66,208 KZT. Вне выборки потоки неизвестны."
100000002779485100,terminal,0.75068,8,0.480517,"Нет наблюдаемых исходящих; вход от 1 плательщиков на 91,000 KZT. Вне выборки потоки неизвестны."
100000002781227100,transit,0.677657,59,0.502196,"Признаки транзита: вход 191,168, выход 212,420 KZT; наблюдаемое отношение 1.11."
100000002784085100,terminal,0.815231,4,0.360444,"Нет наблюдаемых исходящих; вход от 1 плательщиков на 200,000 KZT. Вне выборки потоки неизвестны."
100000002791494100,peripheral,0.2,18,0.445857,"Граница 4-го колена: вход 85,860 KZT, исходящие дальше не наблюдаются; роль получателя не доказана."
100000002793851100,terminal,0.548957,16,0.27437,"Нет наблюдаемых исходящих; вход от 1 плательщиков на 11,052 KZT. Вне выборки потоки неизвестны."
100000002793881100,consolidator,0.62,4,0.766934,"Признаки консолидации: 3 плательщиков, вход 785,600 KZT; исходящие 0 KZT."
100000002794197100,terminal,0.649955,1,0.217866,"Нет наблюдаемых исходящих; вход от 1 плательщиков на 30,100 KZT. Вне выборки потоки неизвестны."
100000002794374100,peripheral,0.2,60,0.586969,"Граница 4-го колена: вход 111,000 KZT, исходящие дальше не наблюдаются; роль получателя не доказана."
100000002796853100,peripheral,0.2,59,0.41301,"Недостаточно признаков роли: входящих связей 1, исходящих 1, глубина 2."
100000002799941100,terminal,0.878513,43,0.545022,"Нет наблюдаемых исходящих; вход от 1 плательщиков на 600,000 KZT. Вне выборки потоки неизвестны."
100000002807334100,terminal,0.710335,10,0.377055,"Нет наблюдаемых исходящих; вход от 1 плательщиков на 54,715 KZT. Вне выборки потоки неизвестны."
100000002809568100,terminal,0.539166,0,0.270341,"Нет наблюдаемых исходящих; вход от 1 плательщиков на 10,000 KZT. Вне выборки потоки неизвестны."
100000002809896100,terminal,0.667996,18,0.382399,"Нет наблюдаемых исходящих; вход от 1 плательщиков на 38,000 KZT. Вне выборки потоки неизвестны."
100000002810870100,terminal,0.656845,22,0.241212,"Нет наблюдаемых исходящих; вход от 1 плательщиков на 33,677 KZT. Вне выборки потоки неизвестны."
100000002812641100,peripheral,0.2,4,0.453629,"Недостаточно признаков роли: входящих связей 1, исходящих 1, глубина 2."
100000002815005100,terminal,0.866818,4,0.613126,"Нет наблюдаемых исходящих; вход от 1 плательщиков на 476,500 KZT. Вне выборки потоки неизвестны."
100000002818726100,terminal,0.547688,12,0.28492,"Нет наблюдаемых исходящих; вход от 1 плательщиков на 10,879 KZT. Вне выборки потоки неизвестны."
100000002820010100,terminal,0.646328,41,0.230947,"Нет наблюдаемых исходящих; вход от 1 плательщиков на 30,000 KZT. Вне выборки потоки неизвестны."
100000002821425100,terminal,0.836627,24,0.405287,"Нет наблюдаемых исходящих; вход от 1 плательщиков на 275,000 KZT. Вне выборки потоки неизвестны."
100000002822472100,terminal,0.834542,24,0.67935,"Нет наблюдаемых исходящих; вход от 2 плательщиков на 266,722 KZT. Вне выборки потоки неизвестны."
100000002824176100,terminal,0.788849,41,0.399803,"Нет наблюдаемых исходящих; вход от 1 плательщиков на 144,000 KZT. Вне выборки потоки неизвестны."
100000002826669100,terminal,0.79592,0,0.500607,"Нет наблюдаемых исходящих; вход от 1 плательщиков на 159,900 KZT. Вне выборки потоки неизвестны."
100000002830055100,terminal,0.560834,22,0.16677,"Нет наблюдаемых исходящих; вход от 1 плательщиков на 14,000 KZT. Вне выборки потоки неизвестны."
100000002831727100,peripheral,0.2,43,0.305356,"Недостаточно признаков роли: входящих связей 1, исходящих 1, глубина 2."
100000002832753100,peripheral,0.2,3,0.366163,"Граница 4-го колена: вход 12,500 KZT, исходящие дальше не наблюдаются; роль получателя не доказана."
100000002835874100,peripheral,0.2,4,0.491589,"Граница 4-го колена: вход 58,700 KZT, исходящие дальше не наблюдаются; роль получателя не доказана."
100000002836052100,terminal,0.567271,2,0.463478,"Нет наблюдаемых исходящих; вход от 1 плательщиков на 15,000 KZT. Вне выборки потоки неизвестны."
100000002836736100,terminal,0.871714,41,0.55978,"Нет наблюдаемых исходящих; вход от 2 плательщиков на 509,000 KZT. Вне выборки потоки неизвестны."
100000002838519100,terminal,0.686945,40,0.392373,"Нет наблюдаемых исходящих; вход от 1 плательщиков на 46,900 KZT. Вне выборки потоки неизвестны."
100000002838861100,consolidator,0.7,4,0.816306,"Признаки консолидации: 5 плательщиков, вход 554,524 KZT; исходящие 10,000 KZT."
100000002842321100,terminal,0.796646,10,0.444566,"Нет наблюдаемых исходящих; вход от 1 плательщиков на 160,000 KZT. Вне выборки потоки неизвестны."
100000002842337100,terminal,0.698187,1,0.308198,"Нет наблюдаемых исходящих; вход от 1 плательщиков на 50,000 KZT. Вне выборки потоки неизвестны."
100000002844652100,terminal,0.719402,1,0.268611,"Нет наблюдаемых исходящих; вход от 1 плательщиков на 61,360 KZT. Вне выборки потоки неизвестны."
100000002844897100,terminal,0.547325,4,0.151855,"Нет наблюдаемых исходящих; вход от 1 плательщиков на 10,800 KZT. Вне выборки потоки неизвестны."
100000002845605100,terminal,0.714869,0,0.406667,"Нет наблюдаемых исходящих; вход от 1 плательщиков на 57,567 KZT. Вне выборки потоки неизвестны."
100000002847207100,terminal,0.685494,2,0.513736,"Нет наблюдаемых исходящих; вход от 1 плательщиков на 46,243 KZT. Вне выборки потоки неизвестны."
100000002849158100,consolidator,0.62,4,0.793909,"Признаки консолидации: 3 плательщиков, вход 723,000 KZT; исходящие 1,313,000 KZT."
100000002852402100,terminal,0.711423,3,0.428491,"Нет наблюдаемых исходящих; вход от 1 плательщиков на 55,000 KZT. Вне выборки потоки неизвестны."
100000002858835100,terminal,0.620943,22,0.213124,"Нет наблюдаемых исходящих; вход от 1 плательщиков на 24,400 KZT. Вне выборки потоки неизвестны."
100000002860934100,peripheral,0.2,15,0.537992,"Граница 4-го колена: вход 279,500 KZT, исходящие дальше не наблюдаются; роль получателя не доказана."
100000002861485100,terminal,0.642158,16,0.340138,"Нет наблюдаемых исходящих; вход от 1 плательщиков на 29,323 KZT. Вне выборки потоки неизвестны."
100000002862113100,terminal,0.689846,40,0.394498,"Нет наблюдаемых исходящих; вход от 1 плательщиков на 47,405 KZT. Вне выборки потоки неизвестны."
100000002863356100,peripheral,0.2,22,0.27175,"Недостаточно признаков роли: входящих связей 1, исходящих 1, глубина 2."
100000002864256100,terminal,0.782865,2,0.594121,"Нет наблюдаемых исходящих; вход от 1 плательщиков на 135,780 KZT. Вне выборки потоки неизвестны."
100000002864680100,terminal,0.713055,7,0.281415,"Нет наблюдаемых исходящих; вход от 1 плательщиков на 55,932 KZT. Вне выборки потоки неизвестны."
100000002870463100,consolidator,0.62,41,0.708132,"Признаки консолидации: 3 плательщиков, вход 207,000 KZT; исходящие 10,000 KZT."
100000002870937100,terminal,0.743155,1,0.288305,"Нет наблюдаемых исходящих; вход от 1 плательщиков на 83,700 KZT. Вне выборки потоки неизвестны."
100000002871199100,terminal,0.612965,40,0.333858,"Нет наблюдаемых исходящих; вход от 1 плательщиков на 23,186 KZT. Вне выборки потоки неизвестны."
100000002872399100,terminal,0.890571,1,0.453572,"Нет наблюдаемых исходящих; вход от 1 плательщиков на 1,090,000 KZT. Вне выборки потоки неизвестны."
100000002876914100,peripheral,0.2,47,0.173387,"Граница 4-го колена: вход 12,000 KZT, исходящие дальше не наблюдаются; роль получателя не доказана."
100000002877262100,terminal,0.760925,4,0.531374,"Нет наблюдаемых исходящих; вход от 1 плательщиков на 100,000 KZT. Вне выборки потоки неизвестны."
100000002878467100,terminal,0.815231,4,0.669149,"Нет наблюдаемых исходящих; вход от 2 плательщиков на 200,000 KZT. Вне выборки потоки неизвестны."
100000002878483100,peripheral,0.2,47,0.140226,"Граница 4-го колена: вход 6,000 KZT, исходящие дальше не наблюдаются; роль получателя не доказана."
100000002881669100,terminal,0.590027,7,0.185816,"Нет наблюдаемых исходящих; вход от 1 плательщиков на 18,600 KZT. Вне выборки потоки неизвестны."
100000002883402100,consolidator,0.62,4,0.728271,"Признаки консолидации: 3 плательщиков, вход 300,000 KZT; исходящие 0 KZT."
100000002884708100,peripheral,0.2,4,0.661821,"Граница 4-го колена: вход 1,171,644 KZT, исходящие дальше не наблюдаются; роль получателя не доказана."
100000002886166100,terminal,0.807434,34,0.366514,"Нет наблюдаемых исходящих; вход от 1 плательщиков на 185,000 KZT. Вне выборки потоки неизвестны."
100000002890167100,terminal,0.774524,16,0.446398,"Нет наблюдаемых исходящих; вход от 1 плательщиков на 118,150 KZT. Вне выборки потоки неизвестны."
100000002891765100,terminal,0.712693,40,0.412558,"Нет наблюдаемых исходящих; вход от 1 плательщиков на 55,576 KZT. Вне выборки потоки неизвестны."
100000002893020100,terminal,0.589755,18,0.320153,"Нет наблюдаемых исходящих; вход от 1 плательщиков на 18,340 KZT. Вне выборки потоки неизвестны."
100000002894076100,consolidator,0.66,1,0.794628,"Признаки консолидации: 4 плательщиков, вход 1,122,782 KZT; исходящие 0 KZT."
100000002896506100,peripheral,0.2,10,0.404054,"Граница 4-го колена: вход 45,000 KZT, исходящие дальше не наблюдаются; роль получателя не доказана."
100000002901457100,peripheral,0.2,0,0.688181,"Недостаточно признаков роли: входящих связей 1, исходящих 3, глубина 3."
100000002904919100,peripheral,0.2,0,0.432419,"Недостаточно признаков роли: входящих связей 1, исходящих 1, глубина 3."
100000002906470100,terminal,0.780326,43,0.460746,"Нет наблюдаемых исходящих; вход от 1 плательщиков на 130,000 KZT. Вне выборки потоки неизвестны."
100000002908521100,terminal,0.680689,22,0.255825,"Нет наблюдаемых исходящих; вход от 1 плательщиков на 44,500 KZT. Вне выборки потоки неизвестны."
100000002911170100,terminal,0.842702,33,0.509294,"Нет наблюдаемых исходящих; вход от 1 плательщиков на 300,000 KZT. Вне выборки потоки неизвестны."
100000002913340100,terminal,0.615594,22,0.204598,"Нет наблюдаемых исходящих; вход от 1 плательщиков на 23,600 KZT. Вне выборки потоки неизвестны."
100000002914245100,terminal,0.786854,35,0.328918,"Нет наблюдаемых исходящих; вход от 1 плательщиков на 140,611 KZT. Вне выборки потоки неизвестны."
100000002916006100,peripheral,0.2,49,0.047066,"Недостаточно признаков роли: входящих связей 0, исходящих 1, глубина 0."
100000002921047100,peripheral,0.2,1,0.749096,"Недостаточно признаков роли: входящих связей 2, исходящих 1, глубина 1."
100000002922000100,peripheral,0.2,50,0.541766,"Граница 4-го колена: вход 448,000 KZT, исходящие дальше не наблюдаются; роль получателя не доказана."
100000002926970100,terminal,0.744424,18,0.444846,"Нет наблюдаемых исходящих; вход от 1 плательщиков на 85,000 KZT. Вне выборки потоки неизвестны."
100000002933386100,peripheral,0.2,2,0.407853,"Недостаточно признаков роли: входящих связей 1, исходящих 1, глубина 3."
100000002934441100,terminal,0.719039,0,0.508837,"Нет наблюдаемых исходящих; вход от 2 плательщиков на 60,846 KZT. Вне выборки потоки неизвестны."
100000002936322100,terminal,0.885131,35,0.637289,"Нет наблюдаемых исходящих; вход от 2 плательщиков на 787,133 KZT. Вне выборки потоки неизвестны."
100000002938501100,peripheral,0.2,16,0.272724,"Недостаточно признаков роли: входящих связей 1, исходящих 1, глубина 1."
100000002939838100,consolidator,0.62,16,0.781047,"Признаки консолидации: 3 плательщиков, вход 571,233 KZT; исходящие 0 KZT."
100000002941114100,peripheral,0.2,11,0.730148,"Недостаточно признаков роли: входящих связей 2, исходящих 1, глубина 1."
100000002943472100,terminal,0.801813,4,0.566315,"Нет наблюдаемых исходящих; вход от 1 плательщиков на 170,000 KZT. Вне выборки потоки неизвестны."
100000002945031100,terminal,0.567271,12,0.302364,"Нет наблюдаемых исходящих; вход от 1 плательщиков на 15,000 KZT. Вне выборки потоки неизвестны."
100000002945626100,consolidator,0.62,4,0.754632,"Признаки консолидации: 3 плательщиков, вход 584,000 KZT; исходящие 0 KZT."
100000002947299100,terminal,0.744424,2,0.564426,"Нет наблюдаемых исходящих; вход от 1 плательщиков на 85,000 KZT. Вне выборки потоки неизвестны."
100000002948492100,terminal,0.616047,40,0.336185,"Нет наблюдаемых исходящих; вход от 1 плательщиков на 23,660 KZT. Вне выборки потоки неизвестны."
100000002951898100,terminal,0.670988,40,0.379998,"Нет наблюдаемых исходящих; вход от 1 плательщиков на 39,990 KZT. Вне выборки потоки неизвестны."
100000002952631100,terminal,0.690571,16,0.378181,"Нет наблюдаемых исходящих; вход от 1 плательщиков на 48,050 KZT. Вне выборки потоки неизвестны."
100000002952756100,terminal,0.687761,24,0.301904,"Нет наблюдаемых исходящих; вход от 1 плательщиков на 47,000 KZT. Вне выборки потоки неизвестны."
100000002954780100,terminal,0.781777,4,0.55254,"Нет наблюдаемых исходящих; вход от 1 плательщиков на 133,400 KZT. Вне выборки потоки неизвестны."
100000002956769100,consolidator,0.62,24,0.769293,"Признаки консолидации: 3 плательщиков, вход 840,000 KZT; исходящие 0 KZT."
100000002956779100,terminal,0.859565,2,0.413864,"Нет наблюдаемых исходящих; вход от 1 плательщиков на 411,000 KZT. Вне выборки потоки неизвестны."
100000002956898100,terminal,0.840526,3,0.610968,"Нет наблюдаемых исходящих; вход от 2 плательщиков на 290,240 KZT. Вне выборки потоки неизвестны."
100000002957306100,terminal,0.857933,11,0.75556,"Нет наблюдаемых исходящих; вход от 2 плательщиков на 398,490 KZT. Вне выборки потоки неизвестны."
100000002957787100,coordinator,0.888955,0,0.743366,"Признаки координации: доступен от 7 seed, связей между кластерами 8; посредничество 0.0035."
100000002958139100,terminal,0.818767,4,0.568014,"Нет наблюдаемых исходящих; вход от 1 плательщиков на 209,500 KZT. Вне выборки потоки неизвестны."
100000002958286100,terminal,0.83291,4,0.376164,"Нет наблюдаемых исходящих; вход от 1 плательщиков на 257,000 KZT. Вне выборки потоки неизвестны."
100000002958343100,peripheral,0.2,1,0.489251,"Недостаточно признаков роли: входящих связей 1, исходящих 2, глубина 2."
100000002958345100,terminal,0.84524,24,0.413339,"Нет наблюдаемых исходящих; вход от 1 плательщиков на 307,000 KZT. Вне выборки потоки неизвестны."
100000002963189100,peripheral,0.2,40,0.745757,"Недостаточно признаков роли: входящих связей 1, исходящих 7, глубина 3."
100000002964966100,terminal,0.815231,2,0.597477,"Нет наблюдаемых исходящих; вход от 1 плательщиков на 200,000 KZT. Вне выборки потоки неизвестны."
100000002968096100,peripheral,0.2,8,0.4366,"Граница 4-го колена: вход 70,000 KZT, исходящие дальше не наблюдаются; роль получателя не доказана."
100000002969048100,terminal,0.768722,41,0.330619,"Нет наблюдаемых исходящих; вход от 1 плательщиков на 108,470 KZT. Вне выборки потоки неизвестны."
100000002970466100,peripheral,0.2,0,0.423484,"Недостаточно признаков роли: входящих связей 1, исходящих 2, глубина 3."
100000002971593100,peripheral,0.2,10,0.44031,"Граница 4-го колена: вход 49,050 KZT, исходящие дальше не наблюдаются; роль получателя не доказана."
100000002973903100,consolidator,0.62,7,0.647375,"Признаки консолидации: 3 плательщиков, вход 92,880 KZT; исходящие 0 KZT."
100000002974256100,terminal,0.522847,7,0.213424,"Нет наблюдаемых исходящих; вход от 1 плательщиков на 7,200 KZT. Вне выборки потоки неизвестны."
100000002975287100,terminal,0.567271,28,0.295446,"Нет наблюдаемых исходящих; вход от 1 плательщиков на 15,000 KZT. Вне выборки потоки неизвестны."
100000002975437100,peripheral,0.2,36,0.552084,"Недостаточно признаков роли: входящих связей 1, исходящих 1, глубина 3."
100000002981489100,peripheral,0.2,10,0.273988,"Граница 4-го колена: вход 10,000 KZT, исходящие дальше не наблюдаются; роль получателя не доказана."
100000002981527100,terminal,0.800635,4,0.348785,"Нет наблюдаемых исходящих; вход от 1 плательщиков на 168,000 KZT. Вне выборки потоки неизвестны."
100000002982252100,terminal,0.604261,22,0.200029,"Нет наблюдаемых исходящих; вход от 1 плательщиков на 20,320 KZT. Вне выборки потоки неизвестны."
100000002983426100,terminal,0.747325,18,0.447593,"Нет наблюдаемых исходящих; вход от 1 плательщиков на 88,945 KZT. Вне выборки потоки неизвестны."
100000002983879100,terminal,0.816772,2,0.705159,"Нет наблюдаемых исходящих; вход от 2 плательщиков на 200,050 KZT. Вне выборки потоки неизвестны."
100000002984403100,peripheral,0.2,13,0.391524,"Недостаточно признаков роли: входящих связей 1, исходящих 1, глубина 3."
100000002986245100,peripheral,0.2,47,0.138731,"Граница 4-го колена: вход 5,750 KZT, исходящие дальше не наблюдаются; роль получателя не доказана."
100000002988894100,peripheral,0.2,2,0.802698,"Недостаточно признаков роли: входящих связей 1, исходящих 3, глубина 1."
100000002989353100,peripheral,0.2,24,0.479538,"Недостаточно признаков роли: входящих связей 1, исходящих 2, глубина 3."
100000002990675100,terminal,0.703989,10,0.372732,"Нет наблюдаемых исходящих; вход от 1 плательщиков на 51,143 KZT. Вне выборки потоки неизвестны."
100000002991079100,peripheral,0.2,16,0.618093,"Недостаточно признаков роли: входящих связей 2, исходящих 1, глубина 1."
100000002992171100,terminal,0.563282,22,0.168856,"Нет наблюдаемых исходящих; вход от 1 плательщиков на 14,627 KZT. Вне выборки потоки неизвестны."
100000002994441100,peripheral,0.2,8,0.328318,"Граница 4-го колена: вход 5,000 KZT, исходящие дальше не наблюдаются; роль получателя не доказана."
100000002999140100,peripheral,0.2,7,0.279237,"Граница 4-го колена: вход 10,000 KZT, исходящие дальше не наблюдаются; роль получателя не доказана."
100000003001138100,peripheral,0.2,15,0.383625,"Граница 4-го колена: вход 30,000 KZT, исходящие дальше не наблюдаются; роль получателя не доказана."
100000003001564100,peripheral,0.2,16,0.35603,"Недостаточно признаков роли: входящих связей 1, исходящих 1, глубина 1."
100000003001661100,peripheral,0.2,15,0.687462,"Недостаточно признаков роли: входящих связей 1, исходящих 5, глубина 3."
100000003003821100,terminal,0.672439,2,0.549526,"Нет наблюдаемых исходящих; вход от 1 плательщиков на 40,000 KZT. Вне выборки потоки неизвестны."
100000003004487100,consolidator,0.66,36,0.733269,"Признаки консолидации: 4 плательщиков, вход 183,703 KZT; исходящие 265,015 KZT."
100000003005167100,peripheral,0.2,47,0.146002,"Граница 4-го колена: вход 7,000 KZT, исходящие дальше не наблюдаются; роль получателя не доказана."
100000003006633100,terminal,0.539166,38,0.290403,"Нет наблюдаемых исходящих; вход от 1 плательщиков на 10,000 KZT. Вне выборки потоки неизвестны."
100000003009900100,terminal,0.574524,18,0.308365,"Нет наблюдаемых исходящих; вход от 1 плательщиков на 15,998 KZT. Вне выборки потоки неизвестны."
100000003010908100,peripheral,0.2,18,0.359685,"Граница 4-го колена: вход 17,000 KZT, исходящие дальше не наблюдаются; роль получателя не доказана."
100000003014659100,terminal,0.837987,11,0.598621,"Нет наблюдаемых исходящих; вход от 1 плательщиков на 280,000 KZT. Вне выборки потоки неизвестны."
100000003016438100,peripheral,0.2,4,0.615645,"Недостаточно признаков роли: входящих связей 1, исходящих 1, глубина 3."
100000003016635100,coordinator,0.89211,16,0.760583,"Признаки координации: доступен от 6 seed, связей между кластерами 13; посредничество 0.0044."
100000003016773100,terminal,0.686763,4,0.52007,"Нет наблюдаемых исходящих; вход от 1 плательщиков на 46,555 KZT. Вне выборки потоки неизвестны."
100000003022835100,terminal,0.777879,2,0.589381,"Нет наблюдаемых исходящих; вход от 1 плательщиков на 125,000 KZT. Вне выборки потоки неизвестны."
100000003024542100,terminal,0.527561,2,0.438071,"Нет наблюдаемых исходящих; вход от 1 плательщиков на 8,500 KZT. Вне выборки потоки неизвестны."
100000003025903100,peripheral,0.2,10,0.541144,"Граница 4-го колена: вход 386,300 KZT, исходящие дальше не наблюдаются; роль получателя не доказана."
100000003031003100,consolidator,0.62,24,0.71915,"Признаки консолидации: 3 плательщиков, вход 280,090 KZT; исходящие 0 KZT."
100000003031633100,terminal,0.859837,4,0.606272,"Нет наблюдаемых исходящих; вход от 1 плательщиков на 414,000 KZT. Вне выборки потоки неизвестны."
100000003031761100,terminal,0.865911,35,0.400037,"Нет наблюдаемых исходящих; вход от 1 плательщиков на 460,408 KZT. Вне выборки потоки неизвестны."
100000003031890100,terminal,0.820218,34,0.387893,"Нет наблюдаемых исходящих; вход от 1 плательщиков на 215,000 KZT. Вне выборки потоки неизвестны."
100000003034546100,terminal,0.868268,4,0.406403,"Нет наблюдаемых исходящих; вход от 1 плательщиков на 486,715 KZT. Вне выборки потоки неизвестны."
100000003035737100,peripheral,0.2,10,0.675843,"Недостаточно признаков роли: входящих связей 2, исходящих 1, глубина 3."
100000003036198100,terminal,0.567271,2,0.289374,"Нет наблюдаемых исходящих; вход от 1 плательщиков на 15,000 KZT. Вне выборки потоки неизвестны."
100000003037476100,consolidator,0.6,4,0.736602,"Признаки консолидации: 3 плательщиков, вход 555,000 KZT; исходящие 0 KZT. Выход за 4-м коленом неизвестен."
100000003037660100,terminal,0.707162,2,0.52977,"Нет наблюдаемых исходящих; вход от 1 плательщиков на 53,000 KZT. Вне выборки потоки неизвестны."
100000003039473100,terminal,0.612149,16,0.358704,"Нет наблюдаемых исходящих; вход от 1 плательщиков на 23,000 KZT. Вне выборки потоки неизвестны."
100000003040087100,peripheral,0.2,18,0.360891,"Граница 4-го колена: вход 29,000 KZT, исходящие дальше не наблюдаются; роль получателя не доказана."
100000003042994100,terminal,0.839982,16,0.504214,"Нет наблюдаемых исходящих; вход от 1 плательщиков на 286,086 KZT. Вне выборки потоки неизвестны."
100000003044431100,terminal,0.717316,2,0.507672,"Нет наблюдаемых исходящих; вход от 2 плательщиков на 60,000 KZT. Вне выборки потоки неизвестны."
100000003044518100,terminal,0.65884,1,0.224176,"Нет наблюдаемых исходящих; вход от 1 плательщиков на 34,423 KZT. Вне выборки потоки неизвестны."
100000003047800100,peripheral,0.2,24,0.218604,"Граница 4-го колена: вход 12,212 KZT, исходящие дальше не наблюдаются; роль получателя не доказана."
100000003050771100,terminal,0.823663,12,0.50856,"Нет наблюдаемых исходящих; вход от 1 плательщиков на 229,000 KZT. Вне выборки потоки неизвестны."
100000003054328100,peripheral,0.2,24,0.388362,"Недостаточно признаков роли: входящих связей 1, исходящих 2, глубина 2."
100000003057225100,terminal,0.826745,16,0.491848,"Нет наблюдаемых исходящих; вход от 1 плательщиков на 236,000 KZT. Вне выборки потоки неизвестны."
100000003060187100,terminal,0.752584,43,0.437757,"Нет наблюдаемых исходящих; вход от 1 плательщиков на 93,046 KZT. Вне выборки потоки неизвестны."
100000003060517100,terminal,0.845422,28,0.520692,"Нет наблюдаемых исходящих; вход от 1 плательщиков на 315,955 KZT. Вне выборки потоки неизвестны."
100000003061115100,peripheral,0.2,0,0.435504,"Граница 4-го колена: вход 45,000 KZT, исходящие дальше не наблюдаются; роль получателя не доказана."
100000003062895100,terminal,0.846872,4,0.731,"Нет наблюдаемых исходящих; вход от 2 плательщиков на 328,444 KZT. Вне выборки потоки неизвестны."
100000003066385100,terminal,0.598368,0,0.414246,"Нет наблюдаемых исходящих; вход от 2 плательщиков на 20,000 KZT. Вне выборки потоки неизвестны."
100000003068941100,consolidator,0.62,0,0.623218,"Признаки консолидации: 3 плательщиков, вход 94,000 KZT; исходящие 25,000 KZT."
100000003069463100,peripheral,0.2,14,0.317056,"Недостаточно признаков роли: входящих связей 1, исходящих 1, глубина 3."
100000003071649100,terminal,0.809157,4,0.576014,"Нет наблюдаемых исходящих; вход от 1 плательщиков на 189,500 KZT. Вне выборки потоки неизвестны."
100000003071930100,consolidator,0.62,4,0.805244,"Признаки консолидации: 3 плательщиков, вход 477,610 KZT; исходящие 5,000 KZT."
100000003072205100,peripheral,0.2,4,0.660838,"Граница 4-го колена: вход 163,000 KZT, исходящие дальше не наблюдаются; роль получателя не доказана."
100000003072676100,terminal,0.653218,28,0.361641,"Нет наблюдаемых исходящих; вход от 1 плательщиков на 31,545 KZT. Вне выборки потоки неизвестны."
100000003073398100,terminal,0.752403,41,0.318151,"Нет наблюдаемых исходящих; вход от 1 плательщиков на 92,960 KZT. Вне выборки потоки неизвестны."
100000003073635100,terminal,0.779782,8,0.463297,"Нет наблюдаемых исходящих; вход от 1 плательщиков на 129,231 KZT. Вне выборки потоки неизвестны."
100000003074515100,peripheral,0.2,4,0.533933,"Граница 4-го колена: вход 105,000 KZT, исходящие дальше не наблюдаются; роль получателя не доказана."
100000003078839100,peripheral,0.2,8,0.32899,"Граница 4-го колена: вход 14,000 KZT, исходящие дальше не наблюдаются; роль получателя не доказана."
100000003083865100,peripheral,0.2,18,0.302564,"Граница 4-го колена: вход 15,000 KZT, исходящие дальше не наблюдаются; роль получателя не доказана."
100000003084870100,peripheral,0.2,24,0.232547,"Граница 4-го колена: вход 6,500 KZT, исходящие дальше не наблюдаются; роль получателя не доказана."
100000003086040100,terminal,0.546691,0,0.353247,"Нет наблюдаемых исходящих; вход от 1 плательщиков на 10,500 KZT. Вне выборки потоки неизвестны."
100000003087877100,terminal,0.751315,35,0.298787,"Нет наблюдаемых исходящих; вход от 1 плательщиков на 91,486 KZT. Вне выборки потоки неизвестны."
100000003089018100,terminal,0.824207,4,0.366187,"Нет наблюдаемых исходящих; вход от 1 плательщиков на 230,000 KZT. Вне выборки потоки неизвестны."
100000003089553100,terminal,0.791568,4,0.557732,"Нет наблюдаемых исходящих; вход от 1 плательщиков на 150,000 KZT. Вне выборки потоки неизвестны."
100000003091142100,peripheral,0.2,0,0.418939,"Граница 4-го колена: вход 40,000 KZT, исходящие дальше не наблюдаются; роль получателя не доказана."
100000003093299100,terminal,0.567271,0,0.284926,"Нет наблюдаемых исходящих; вход от 1 плательщиков на 15,000 KZT. Вне выборки потоки неизвестны."
100000003095610100,terminal,0.616228,18,0.34128,"Нет наблюдаемых исходящих; вход от 1 плательщиков на 23,665 KZT. Вне выборки потоки неизвестны."
100000003096787100,peripheral,0.2,18,0.31008,"Граница 4-го колена: вход 16,400 KZT, исходящие дальше не наблюдаются; роль получателя не доказана."
100000003097324100,terminal,0.840888,46,0.712403,"Нет наблюдаемых исходящих; вход от 2 плательщиков на 294,000 KZT. Вне выборки потоки неизвестны."
100000003097947100,peripheral,0.2,8,0.423098,"Граница 4-го колена: вход 52,980 KZT, исходящие дальше не наблюдаются; роль получателя не доказана."
100000003102157100,terminal,0.755848,0,0.442333,"Нет наблюдаемых исходящих; вход от 1 плательщиков на 96,746 KZT. Вне выборки потоки неизвестны."
100000003104347100,peripheral,0.2,29,0.566455,"Недостаточно признаков роли: входящих связей 1, исходящих 1, глубина 2."
100000003105089100,peripheral,0.2,32,0.301279,"Граница 4-го колена: вход 10,000 KZT, исходящие дальше не наблюдаются; роль получателя не доказана."
100000003105929100,peripheral,0.2,10,0.538937,"Недостаточно признаков роли: входящих связей 1, исходящих 1, глубина 3."
100000003109805100,terminal,0.665186,28,0.364628,"Нет наблюдаемых исходящих; вход от 1 плательщиков на 36,929 KZT. Вне выборки потоки неизвестны."
100000003111305100,consolidator,0.66,41,0.747519,"Признаки консолидации: 4 плательщиков, вход 509,338 KZT; исходящие 0 KZT."
100000003112436100,terminal,0.760925,16,0.443593,"Нет наблюдаемых исходящих; вход от 1 плательщиков на 100,000 KZT. Вне выборки потоки неизвестны."
100000003112578100,terminal,0.764733,24,0.342782,"Нет наблюдаемых исходящих; вход от 1 плательщиков на 101,080 KZT. Вне выборки потоки неизвестны."
100000003115284100,consolidator,0.82,11,0.953019,"Признаки консолидации: 8 плательщиков, вход 2,160,500 KZT; исходящие 517,000 KZT."
100000003116106100,terminal,0.868994,10,0.510647,"Нет наблюдаемых исходящих; вход от 1 плательщиков на 494,050 KZT. Вне выборки потоки неизвестны."
100000003119550100,terminal,0.606074,22,0.201495,"Нет наблюдаемых исходящих; вход от 1 плательщиков на 21,000 KZT. Вне выборки потоки неизвестны."
100000003122817100,terminal,0.863191,14,0.537002,"Нет наблюдаемых исходящих; вход от 1 плательщиков на 444,680 KZT. Вне выборки потоки неизвестны."
100000003123296100,terminal,0.745512,7,0.309574,"Нет наблюдаемых исходящих; вход от 1 плательщиков на 86,200 KZT. Вне выборки потоки неизвестны."
100000003125997100,peripheral,0.2,4,0.56902,"Граница 4-го колена: вход 87,750 KZT, исходящие дальше не наблюдаются; роль получателя не доказана."
100000003128638100,peripheral,0.2,4,0.608819,"Граница 4-го колена: вход 300,000 KZT, исходящие дальше не наблюдаются; роль получателя не доказана."
100000003131016100,peripheral,0.2,8,0.562,"Недостаточно признаков роли: входящих связей 1, исходящих 1, глубина 2."
100000003131693100,terminal,0.851405,2,0.651327,"Нет наблюдаемых исходящих; вход от 1 плательщиков на 353,277 KZT. Вне выборки потоки неизвестны."
100000003132484100,terminal,0.749048,4,0.356801,"Нет наблюдаемых исходящих; вход от 1 плательщиков на 90,000 KZT. Вне выборки потоки неизвестны."
100000003133045100,peripheral,0.2,4,0.439539,"Граница 4-го колена: вход 68,000 KZT, исходящие дальше не наблюдаются; роль получателя не доказана."
100000003134474100,terminal,0.773617,10,0.425191,"Нет наблюдаемых исходящих; вход от 1 плательщиков на 116,000 KZT. Вне выборки потоки неизвестны."
100000003134550100,peripheral,0.2,4,0.529327,"Граница 4-го колена: вход 100,000 KZT, исходящие дальше не наблюдаются; роль получателя не доказана."
100000003134934100,consolidator,0.66,0,0.759967,"Признаки консолидации: 4 плательщиков, вход 379,354 KZT; исходящие 0 KZT."
100000003134937100,terminal,0.546238,16,0.272536,"Нет наблюдаемых исходящих; вход от 1 плательщиков на 10,286 KZT. Вне выборки потоки неизвестны."
100000003146511100,peripheral,0.2,12,0.312867,"Граница 4-го колена: вход 10,000 KZT, исходящие дальше не наблюдаются; роль получателя не доказана."
100000003147719100,terminal,0.760925,4,0.534392,"Нет наблюдаемых исходящих; вход от 1 плательщиков на 100,000 KZT. Вне выборки потоки неизвестны."
100000003148220100,peripheral,0.2,52,0.263724,"Недостаточно признаков роли: входящих связей 1, исходящих 2, глубина 1."
100000003149149100,terminal,0.829646,10,0.472665,"Нет наблюдаемых исходящих; вход от 1 плательщиков на 245,000 KZT. Вне выборки потоки неизвестны."
100000003152964100,peripheral,0.2,8,0.506716,"Недостаточно признаков роли: входящих связей 1, исходящих 1, глубина 3."
100000003154105100,peripheral,0.2,32,0.675772,"Недостаточно признаков роли: входящих связей 1, исходящих 7, глубина 3."
100000003157333100,terminal,0.646328,41,0.230947,"Нет наблюдаемых исходящих; вход от 1 плательщиков на 30,000 KZT. Вне выборки потоки неизвестны."
100000003157679100,consolidator,0.66,4,0.766602,"Признаки консолидации: 4 плательщиков, вход 541,000 KZT; исходящие 0 KZT."
100000003158727100,consolidator,0.62,1,0.73078,"Признаки консолидации: 3 плательщиков, вход 367,940 KZT; исходящие 0 KZT."
100000003159641100,consolidator,0.66,45,0.634252,"Признаки консолидации: 4 плательщиков, вход 64,000 KZT; исходящие 197,800 KZT."
100000003163256100,transit,0.675306,16,0.317563,"Признаки транзита: вход 13,485, выход 15,000 KZT; наблюдаемое отношение 1.11."
100000003163886100,terminal,0.870626,31,0.691409,"Нет наблюдаемых исходящих; вход от 1 плательщиков на 500,000 KZT. Вне выборки потоки неизвестны."
100000003164661100,terminal,0.87806,27,0.442861,"Нет наблюдаемых исходящих; вход от 1 плательщиков на 596,200 KZT. Вне выборки потоки неизвестны."
100000003166017100,peripheral,0.2,18,0.302564,"Граница 4-го колена: вход 15,000 KZT, исходящие дальше не наблюдаются; роль получателя не доказана."
100000003166755100,terminal,0.619855,2,0.329312,"Нет наблюдаемых исходящих; вход от 1 плательщиков на 24,010 KZT. Вне выборки потоки неизвестны."
100000003171006100,terminal,0.868087,4,0.732026,"Нет наблюдаемых исходящих; вход от 2 плательщиков на 485,000 KZT. Вне выборки потоки неизвестны."
100000003171587100,peripheral,0.2,10,0.696989,"Недостаточно признаков роли: входящих связей 2, исходящих 2, глубина 3."
100000003173783100,peripheral,0.2,33,0.373344,"Граница 4-го колена: вход 23,500 KZT, исходящие дальше не наблюдаются; роль получателя не доказана."
100000003177533100,peripheral,0.2,8,0.361079,"Граница 4-го колена: вход 20,000 KZT, исходящие дальше не наблюдаются; роль получателя не доказана."
100000003178549100,peripheral,0.2,28,0.688893,"Недостаточно признаков роли: входящих связей 2, исходящих 4, глубина 3."
100000003180305100,peripheral,0.2,0,0.499257,"Граница 4-го колена: вход 144,000 KZT, исходящие дальше не наблюдаются; роль получателя не доказана."
100000003180820100,peripheral,0.2,4,0.531639,"Граница 4-го колена: вход 101,000 KZT, исходящие дальше не наблюдаются; роль получателя не доказана."
100000003186579100,peripheral,0.2,8,0.487152,"Граница 4-го колена: вход 110,000 KZT, исходящие дальше не наблюдаются; роль получателя не доказана."
100000003187359100,terminal,0.591931,22,0.191077,"Нет наблюдаемых исходящих; вход от 1 плательщиков на 19,072 KZT. Вне выборки потоки неизвестны."
100000003188607100,peripheral,0.2,1,0.229194,"Недостаточно признаков роли: входящих связей 1, исходящих 1, глубина 2."
100000003190207100,peripheral,0.2,49,0.406041,"Недостаточно признаков роли: входящих связей 1, исходящих 1, глубина 3."
100000003191430100,terminal,0.804714,16,0.510241,"Нет наблюдаемых исходящих; вход от 1 плательщиков на 180,000 KZT. Вне выборки потоки неизвестны."
100000003192220100,terminal,0.717316,5,0.453393,"Нет наблюдаемых исходящих; вход от 1 плательщиков на 60,000 KZT. Вне выборки потоки неизвестны."
100000003192309100,peripheral,0.2,22,0.178276,"Недостаточно признаков роли: входящих связей 1, исходящих 1, глубина 3."
100000003194831100,peripheral,0.2,24,0.149178,"Граница 4-го колена: вход 6,265 KZT, исходящие дальше не наблюдаются; роль получателя не доказана."
100000003199390100,peripheral,0.2,10,0.515412,"Граница 4-го колена: вход 260,000 KZT, исходящие дальше не наблюдаются; роль получателя не доказана."
100000003200071100,peripheral,0.2,61,0.047066,"Недостаточно признаков роли: входящих связей 0, исходящих 1, глубина 0."
100000003204491100,peripheral,0.2,0,0.513111,"Недостаточно признаков роли: входящих связей 1, исходящих 1, глубина 3."
100000003205210100,terminal,0.783772,2,0.595044,"Нет наблюдаемых исходящих; вход от 1 плательщиков на 137,563 KZT. Вне выборки потоки неизвестны."
100000003207060100,peripheral,0.2,0,0.441842,"Граница 4-го колена: вход 53,000 KZT, исходящие дальше не наблюдаются; роль получателя не доказана."
100000003213473100,distributor,0.646667,0,0.610995,"Признаки распределения: 11 получателей, 12 переводов, исходящие 240,000 KZT."
100000003214786100,peripheral,0.2,0,0.314906,"Граница 4-го колена: вход 5,000 KZT, исходящие дальше не наблюдаются; роль получателя не доказана."
100000003215448100,peripheral,0.2,8,0.547776,"Недостаточно признаков роли: входящих связей 1, исходящих 2, глубина 3."
100000003216073100,peripheral,0.2,35,0.235568,"Недостаточно признаков роли: входящих связей 1, исходящих 1, глубина 3."
100000003218308100,terminal,0.54932,0,0.273039,"Нет наблюдаемых исходящих; вход от 1 плательщиков на 11,165 KZT. Вне выборки потоки неизвестны."
100000003219438100,terminal,0.654488,62,0.410611,"Нет наблюдаемых исходящих; вход от 1 плательщиков на 32,000 KZT. Вне выборки потоки неизвестны."
100000003220685100,peripheral,0.2,10,0.568003,"Граница 4-го колена: вход 1,306,000 KZT, исходящие дальше не наблюдаются; роль получателя не доказана."
100000003221384100,terminal,0.87262,3,0.546988,"Нет наблюдаемых исходящих; вход от 1 плательщиков на 511,200 KZT. Вне выборки потоки неизвестны."
100000003221510100,peripheral,0.2,0,0.427025,"Недостаточно признаков роли: входящих связей 1, исходящих 2, глубина 3."
100000003230328100,consolidator,0.6,8,0.49444,"Признаки консолидации: 3 плательщиков, вход 26,572 KZT; исходящие 0 KZT. Выход за 4-м коленом неизвестен."
100000003230329100,peripheral,0.2,4,0.537344,"Граница 4-го колена: вход 110,000 KZT, исходящие дальше не наблюдаются; роль получателя не доказана."
100000003232675100,peripheral,0.2,12,0.422533,"Граница 4-го колена: вход 44,000 KZT, исходящие дальше не наблюдаются; роль получателя не доказана."
100000003235780100,terminal,0.723481,0,0.49124,"Нет наблюдаемых исходящих; вход от 2 плательщиков на 65,000 KZT. Вне выборки потоки неизвестны."
100000003237045100,peripheral,0.2,16,0.527742,"Недостаточно признаков роли: входящих связей 1, исходящих 1, глубина 2."
100000003239379100,terminal,0.751859,7,0.315231,"Нет наблюдаемых исходящих; вход от 1 плательщиков на 92,500 KZT. Вне выборки потоки неизвестны."
100000003239859100,terminal,0.590027,7,0.185816,"Нет наблюдаемых исходящих; вход от 1 плательщиков на 18,600 KZT. Вне выборки потоки неизвестны."
100000003241965100,terminal,0.567271,18,0.302453,"Нет наблюдаемых исходящих; вход от 1 плательщиков на 15,000 KZT. Вне выборки потоки неизвестны."
100000003242289100,coordinator,0.862919,28,0.797555,"Признаки координации: доступен от 7 seed, связей между кластерами 4; посредничество 0.0005."
100000003242795100,terminal,0.77117,10,0.422594,"Нет наблюдаемых исходящих; вход от 1 плательщиков на 111,000 KZT. Вне выборки потоки неизвестны."
100000003246024100,peripheral,0.2,8,0.524736,"Недостаточно признаков роли: входящих связей 1, исходящих 1, глубина 2."
100000003247600100,peripheral,0.2,2,0.467659,"Граница 4-го колена: вход 58,000 KZT, исходящие дальше не наблюдаются; роль получателя не доказана."
100000003249054100,consolidator,0.78,2,0.668491,"Признаки консолидации: 7 плательщиков, вход 99,700 KZT; исходящие 15,000 KZT."
100000003252446100,peripheral,0.2,4,0.536405,"Граница 4-го колена: вход 108,600 KZT, исходящие дальше не наблюдаются; роль получателя не доказана."
100000003254277100,transit,0.729146,0,0.406569,"Признаки транзита: вход 49,200, выход 44,997 KZT; наблюдаемое отношение 0.91."
100000003254723100,terminal,0.835993,2,0.657575,"Нет наблюдаемых исходящих; вход от 1 плательщиков на 269,850 KZT. Вне выборки потоки неизвестны."
100000003265158100,transit,0.789123,7,0.831468,"Признаки транзита: вход 146,100, выход 154,200 KZT; наблюдаемое отношение 1.06."
100000003265658100,peripheral,0.0,63,0.0,"Недостаточно признаков роли: входящих связей 0, исходящих 0, глубина 0."
100000003270419100,terminal,0.791568,12,0.643467,"Нет наблюдаемых исходящих; вход от 1 плательщиков на 150,000 KZT. Вне выборки потоки неизвестны."
100000003271151100,terminal,0.779057,8,0.462443,"Нет наблюдаемых исходящих; вход от 1 плательщиков на 127,294 KZT. Вне выборки потоки неизвестны."
100000003275398100,peripheral,0.2,34,0.406038,"Недостаточно признаков роли: входящих связей 1, исходящих 1, глубина 2."
100000003278020100,terminal,0.809519,0,0.489134,"Нет наблюдаемых исходящих; вход от 1 плательщиков на 190,000 KZT. Вне выборки потоки неизвестны."
100000003284932100,terminal,0.72738,2,0.547299,"Нет наблюдаемых исходящих; вход от 1 плательщиков на 69,925 KZT. Вне выборки потоки неизвестны."
100000003286537100,terminal,0.794016,4,0.64468,"Нет наблюдаемых исходящих; вход от 2 плательщиков на 153,000 KZT. Вне выборки потоки неизвестны."
100000003289281100,peripheral,0.2,0,0.435531,"Граница 4-го колена: вход 40,000 KZT, исходящие дальше не наблюдаются; роль получателя не доказана."
100000003289405100,terminal,0.851587,2,0.39829,"Нет наблюдаемых исходящих; вход от 1 плательщиков на 355,000 KZT. Вне выборки потоки неизвестны."
100000003292191100,terminal,0.771532,46,0.537514,"Нет наблюдаемых исходящих; вход от 1 плательщиков на 112,000 KZT. Вне выборки потоки неизвестны."
100000003292979100,terminal,0.692384,2,0.545889,"Нет наблюдаемых исходящих; вход от 1 плательщиков на 48,950 KZT. Вне выборки потоки неизвестны."
100000003293377100,terminal,0.698187,10,0.368839,"Нет наблюдаемых исходящих; вход от 1 плательщиков на 50,000 KZT. Вне выборки потоки неизвестны."
100000003299365100,transit,0.9,2,0.621245,"Признаки транзита: вход 200,000, выход 200,000 KZT; наблюдаемое отношение 1.00."
100000003321423100,terminal,0.760925,53,0.583909,"Нет наблюдаемых исходящих; вход от 1 плательщиков на 100,000 KZT. Вне выборки потоки неизвестны."
100000003321895100,peripheral,0.2,54,0.470308,"Недостаточно признаков роли: входящих связей 1, исходящих 2, глубина 3."
100000003336565100,terminal,0.577969,22,0.187911,"Нет наблюдаемых исходящих; вход от 1 плательщиков на 16,550 KZT. Вне выборки потоки неизвестны."
100000003338583100,terminal,0.60825,34,0.203545,"Нет наблюдаемых исходящих; вход от 1 плательщиков на 21,765 KZT. Вне выборки потоки неизвестны."
100000003345947100,peripheral,0.2,8,0.466357,"Граница 4-го колена: вход 79,500 KZT, исходящие дальше не наблюдаются; роль получателя не доказана."
100000003349739100,peripheral,0.0,64,0.0,"Недостаточно признаков роли: входящих связей 0, исходящих 0, глубина 0."
100000003360542100,peripheral,0.2,11,0.781706,"Недостаточно признаков роли: входящих связей 2, исходящих 2, глубина 2."
100000003366154100,peripheral,0.2,2,0.74097,"Недостаточно признаков роли: входящих связей 1, исходящих 3, глубина 1."
100000003366471100,peripheral,0.2,8,0.648542,"Недостаточно признаков роли: входящих связей 2, исходящих 1, глубина 3."
100000003370425100,peripheral,0.2,12,0.390972,"Граница 4-го колена: вход 20,000 KZT, исходящие дальше не наблюдаются; роль получателя не доказана."
100000003377795100,terminal,0.521306,1,0.133546,"Нет наблюдаемых исходящих; вход от 1 плательщиков на 7,000 KZT. Вне выборки потоки неизвестны."
100000003390036100,peripheral,0.2,11,0.862814,"Недостаточно признаков роли: входящих связей 2, исходящих 2, глубина 2."
100000003404627100,consolidator,0.66,51,0.830442,"Признаки консолидации: 4 плательщиков, вход 877,700 KZT; исходящие 0 KZT."
100000003406094100,peripheral,0.2,16,0.613694,"Недостаточно признаков роли: входящих связей 1, исходящих 3, глубина 3."
100000003447411100,peripheral,0.2,8,0.499015,"Граница 4-го колена: вход 302,000 KZT, исходящие дальше не наблюдаются; роль получателя не доказана."
100000003448713100,peripheral,0.2,8,0.491363,"Граница 4-го колена: вход 266,750 KZT, исходящие дальше не наблюдаются; роль получателя не доказана."
100000003449074100,terminal,0.539166,0,0.270341,"Нет наблюдаемых исходящих; вход от 1 плательщиков на 10,000 KZT. Вне выборки потоки неизвестны."
100000003457710100,peripheral,0.2,10,0.52475,"Недостаточно признаков роли: входящих связей 1, исходящих 1, глубина 3."
100000003470579100,peripheral,0.2,14,0.546346,"Граница 4-го колена: вход 357,000 KZT, исходящие дальше не наблюдаются; роль получателя не доказана."
100000003476560100,terminal,0.698187,2,0.523048,"Нет наблюдаемых исходящих; вход от 1 плательщиков на 50,000 KZT. Вне выборки потоки неизвестны."
100000003481025100,peripheral,0.2,0,0.338578,"Граница 4-го колена: вход 9,000 KZT, исходящие дальше не наблюдаются; роль получателя не доказана."
100000003484058100,peripheral,0.2,40,0.496867,"Недостаточно признаков роли: входящих связей 1, исходящих 1, глубина 3."
100000003486846100,peripheral,0.2,16,0.405643,"Граница 4-го колена: вход 27,000 KZT, исходящие дальше не наблюдаются; роль получателя не доказана."
100000003486970100,terminal,0.791568,10,0.44037,"Нет наблюдаемых исходящих; вход от 1 плательщиков на 150,000 KZT. Вне выборки потоки неизвестны."
100000003497735100,terminal,0.777879,43,0.458326,"Нет наблюдаемых исходящих; вход от 1 плательщиков на 125,000 KZT. Вне выборки потоки неизвестны."
100000003500764100,peripheral,0.2,28,0.385824,"Граница 4-го колена: вход 21,000 KZT, исходящие дальше не наблюдаются; роль получателя не доказана."
100000003509750100,transit,0.805456,41,0.486267,"Признаки транзита: вход 82,290, выход 78,400 KZT; наблюдаемое отношение 0.95."
100000003528285100,consolidator,0.66,2,0.696168,"Признаки консолидации: 4 плательщиков, вход 118,870 KZT; исходящие 548,000 KZT."
100000003557488100,peripheral,0.2,36,0.660695,"Недостаточно признаков роли: входящих связей 1, исходящих 2, глубина 3."
100000003561031100,peripheral,0.2,8,0.345275,"Недостаточно признаков роли: входящих связей 1, исходящих 1, глубина 3."
100000003567087100,terminal,0.720127,22,0.291439,"Нет наблюдаемых исходящих; вход от 1 плательщиков на 62,115 KZT. Вне выборки потоки неизвестны."
100000003568904100,peripheral,0.2,12,0.440839,"Граница 4-го колена: вход 49,000 KZT, исходящие дальше не наблюдаются; роль получателя не доказана."
100000003574895100,peripheral,0.2,0,0.367378,"Недостаточно признаков роли: входящих связей 1, исходящих 1, глубина 3."
100000003581109100,terminal,0.677879,0,0.358593,"Нет наблюдаемых исходящих; вход от 1 плательщиков на 42,750 KZT. Вне выборки потоки неизвестны."
100000003582677100,peripheral,0.2,2,0.528813,"Недостаточно признаков роли: входящих связей 2, исходящих 4, глубина 3."
100000003589877100,peripheral,0.2,4,0.781724,"Недостаточно признаков роли: входящих связей 2, исходящих 6, глубина 1."
100000003594472100,terminal,0.598368,36,0.330207,"Нет наблюдаемых исходящих; вход от 1 плательщиков на 20,000 KZT. Вне выборки потоки неизвестны."
100000003603979100,terminal,0.798912,34,0.392726,"Нет наблюдаемых исходящих; вход от 1 плательщиков на 165,000 KZT. Вне выборки потоки неизвестны."
100000003610172100,terminal,0.72874,10,0.390114,"Нет наблюдаемых исходящих; вход от 1 плательщиков на 70,000 KZT. Вне выборки потоки неизвестны."
100000003616818100,consolidator,0.62,34,0.452796,"Признаки консолидации: 3 плательщиков, вход 78,000 KZT; исходящие 240,100 KZT."
100000003617552100,terminal,0.625023,27,0.281243,"Нет наблюдаемых исходящих; вход от 1 плательщиков на 25,000 KZT. Вне выборки потоки неизвестны."
100000003622955100,peripheral,0.2,11,0.51637,"Граница 4-го колена: вход 15,000 KZT, исходящие дальше не наблюдаются; роль получателя не доказана."
100000003626268100,peripheral,0.2,8,0.323247,"Граница 4-го колена: вход 5,000 KZT, исходящие дальше не наблюдаются; роль получателя не доказана."
100000003631015100,peripheral,0.2,65,0.503948,"Граница 4-го колена: вход 266,000 KZT, исходящие дальше не наблюдаются; роль получателя не доказана."
100000003632533100,peripheral,0.2,10,0.3372,"Граница 4-го колена: вход 10,000 KZT, исходящие дальше не наблюдаются; роль получателя не доказана."
100000003635170100,transit,0.788268,53,0.868075,"Признаки транзита: вход 268,500, выход 253,500 KZT; наблюдаемое отношение 0.94."
100000003635660100,terminal,0.590662,0,0.315159,"Нет наблюдаемых исходящих; вход от 1 плательщиков на 18,985 KZT. Вне выборки потоки неизвестны."
100000003636627100,peripheral,0.2,41,0.48703,"Недостаточно признаков роли: входящих связей 1, исходящих 1, глубина 3."
100000003646145100,peripheral,0.2,42,0.423661,"Граница 4-го колена: вход 5,000 KZT, исходящие дальше не наблюдаются; роль получателя не доказана."
100000003647799100,terminal,0.760925,10,0.414745,"Нет наблюдаемых исходящих; вход от 1 плательщиков на 100,000 KZT. Вне выборки потоки неизвестны."
100000003650146100,terminal,0.562738,16,0.317191,"Нет наблюдаемых исходящих; вход от 1 плательщиков на 14,400 KZT. Вне выборки потоки неизвестны."
100000003664994100,peripheral,0.2,66,0.526711,"Граница 4-го колена: вход 338,271 KZT, исходящие дальше не наблюдаются; роль получателя не доказана."
100000003671721100,terminal,0.505168,18,0.441359,"Нет наблюдаемых исходящих; вход от 1 плательщиков на 5,000 KZT. Вне выборки потоки неизвестны."
100000003677936100,peripheral,0.2,1,0.466662,"Недостаточно признаков роли: входящих связей 1, исходящих 1, глубина 3."
100000003684369100,coordinator,0.880276,2,0.963356,"Признаки координации: доступен от 9 seed, связей между кластерами 9; посредничество 0.0016."
100000003692843100,peripheral,0.2,54,0.551731,"Граница 4-го колена: вход 510,000 KZT, исходящие дальше не наблюдаются; роль получателя не доказана."
100000003696422100,peripheral,0.2,36,0.502424,"Граница 4-го колена: вход 118,000 KZT, исходящие дальше не наблюдаются; роль получателя не доказана."
100000003701161100,consolidator,0.66,29,0.825282,"Признаки консолидации: 4 плательщиков, вход 1,527,103 KZT; исходящие 349,000 KZT."
100000003711830100,terminal,0.698187,8,0.395107,"Нет наблюдаемых исходящих; вход от 1 плательщиков на 50,000 KZT. Вне выборки потоки неизвестны."
100000003713616100,terminal,0.574161,16,0.291768,"Нет наблюдаемых исходящих; вход от 1 плательщиков на 15,893 KZT. Вне выборки потоки неизвестны."
100000003718221100,peripheral,0.2,29,0.731791,"Недостаточно признаков роли: входящих связей 2, исходящих 4, глубина 2."
100000003718715100,peripheral,0.2,12,0.56957,"Граница 4-го колена: вход 915,000 KZT, исходящие дальше не наблюдаются; роль получателя не доказана."
100000003724440100,terminal,0.698187,2,0.500476,"Нет наблюдаемых исходящих; вход от 2 плательщиков на 50,000 KZT. Вне выборки потоки неизвестны."
100000003736419100,peripheral,0.2,0,0.368958,"Недостаточно признаков роли: входящих связей 1, исходящих 1, глубина 3."
100000003739818100,terminal,0.714325,2,0.535714,"Нет наблюдаемых исходящих; вход от 1 плательщиков на 57,293 KZT. Вне выборки потоки неизвестны."
100000003741418100,consolidator,0.86,10,0.717038,"Признаки консолидации: 9 плательщиков, вход 151,900 KZT; исходящие 39,920 KZT."
100000003747133100,transit,0.790901,57,0.739102,"Признаки транзита: вход 237,068, выход 250,000 KZT; наблюдаемое отношение 1.05."
100000003760160100,terminal,0.766183,10,0.418988,"Нет наблюдаемых исходящих; вход от 1 плательщиков на 104,470 KZT. Вне выборки потоки неизвестны."
100000003770083100,peripheral,0.0,67,0.0,"Недостаточно признаков роли: входящих связей 0, исходящих 0, глубина 0."
100000003781406100,terminal,0.682502,7,0.557753,"Нет наблюдаемых исходящих; вход от 1 плательщиков на 45,000 KZT. Вне выборки потоки неизвестны."
100000003782913100,peripheral,0.2,40,0.473664,"Граница 4-го колена: вход 200,000 KZT, исходящие дальше не наблюдаются; роль получателя не доказана."
100000003786516100,peripheral,0.2,0,0.268976,"Граница 4-го колена: вход 5,000 KZT, исходящие дальше не наблюдаются; роль получателя не доказана."
100000003792647100,peripheral,0.2,10,0.326343,"Граница 4-го колена: вход 8,000 KZT, исходящие дальше не наблюдаются; роль получателя не доказана."
100000003795588100,terminal,0.858386,0,0.518608,"Нет наблюдаемых исходящих; вход от 1 плательщиков на 400,000 KZT. Вне выборки потоки неизвестны."
100000003796063100,distributor,0.7,10,0.673787,"Признаки распределения: 15 получателей, 23 переводов, исходящие 959,150 KZT."
100000003798151100,terminal,0.850589,16,0.545852,"Нет наблюдаемых исходящих; вход от 1 плательщиков на 350,000 KZT. Вне выборки потоки неизвестны."
100000003809101100,peripheral,0.2,11,0.791264,"Недостаточно признаков роли: входящих связей 2, исходящих 2, глубина 1."
100000003814002100,terminal,0.646328,10,0.33487,"Нет наблюдаемых исходящих; вход от 1 плательщиков на 30,000 KZT. Вне выборки потоки неизвестны."
100000003819173100,peripheral,0.2,8,0.450587,"Граница 4-го колена: вход 143,777 KZT, исходящие дальше не наблюдаются; роль получателя не доказана."
100000003823811100,peripheral,0.2,49,0.574841,"Недостаточно признаков роли: входящих связей 1, исходящих 3, глубина 2."
100000003824464100,terminal,0.815231,29,0.492281,"Нет наблюдаемых исходящих; вход от 1 плательщиков на 200,000 KZT. Вне выборки потоки неизвестны."
100000003831201100,terminal,0.674705,0,0.430764,"Нет наблюдаемых исходящих; вход от 1 плательщиков на 40,500 KZT. Вне выборки потоки неизвестны."
100000003831324100,terminal,0.842702,1,0.708687,"Нет наблюдаемых исходящих; вход от 2 плательщиков на 300,000 KZT. Вне выборки потоки неизвестны."
100000003832231100,terminal,0.661197,2,0.49339,"Нет наблюдаемых исходящих; вход от 1 плательщиков на 35,000 KZT. Вне выборки потоки неизвестны."
100000003834495100,consolidator,0.62,0,0.677633,"Признаки консолидации: 3 плательщиков, вход 602,441 KZT; исходящие 20,000 KZT."
100000003835149100,peripheral,0.2,21,0.433755,"Недостаточно признаков роли: входящих связей 1, исходящих 2, глубина 1."
100000003838587100,peripheral,0.2,40,0.335409,"Граница 4-го колена: вход 6,000 KZT, исходящие дальше не наблюдаются; роль получателя не доказана."
100000003843844100,peripheral,0.2,12,0.371066,"Недостаточно признаков роли: входящих связей 1, исходящих 1, глубина 3."
100000003854444100,coordinator,0.868442,43,0.759902,"Признаки координации: доступен от 7 seed, связей между кластерами 2; посредничество 0.0006."
100000003865939100,terminal,0.740979,68,0.348066,"Нет наблюдаемых исходящих; вход от 1 плательщиков на 81,465 KZT. Вне выборки потоки неизвестны."
100000003873332100,peripheral,0.2,43,0.545275,"Недостаточно признаков роли: входящих связей 1, исходящих 4, глубина 1."
100000003877908100,terminal,0.672439,2,0.502796,"Нет наблюдаемых исходящих; вход от 1 плательщиков на 40,000 KZT. Вне выборки потоки неизвестны."
100000003880331100,distributor,0.713333,8,0.69007,"Признаки распределения: 16 получателей, 31 переводов, исходящие 3,904,908 KZT."
100000003886323100,peripheral,0.2,16,0.613933,"Недостаточно признаков роли: входящих связей 2, исходящих 1, глубина 1."
100000003888197100,terminal,0.742792,10,0.400721,"Нет наблюдаемых исходящих; вход от 1 плательщиков на 83,167 KZT. Вне выборки потоки неизвестны."
100000003888271100,peripheral,0.2,23,0.209993,"Недостаточно признаков роли: входящих связей 1, исходящих 2, глубина 1."
100000003888527100,terminal,0.646328,66,0.397237,"Нет наблюдаемых исходящих; вход от 1 плательщиков на 30,000 KZT. Вне выборки потоки неизвестны."
100000003896956100,peripheral,0.2,16,0.310928,"Недостаточно признаков роли: входящих связей 1, исходящих 1, глубина 3."
100000003899325100,terminal,0.701632,8,0.398839,"Нет наблюдаемых исходящих; вход от 1 плательщиков на 50,120 KZT. Вне выборки потоки неизвестны."
100000003899899100,peripheral,0.2,16,0.657635,"Недостаточно признаков роли: входящих связей 2, исходящих 1, глубина 3."
100000003900547100,terminal,0.617135,16,0.321473,"Нет наблюдаемых исходящих; вход от 1 плательщиков на 23,700 KZT. Вне выборки потоки неизвестны."
100000003904497100,peripheral,0.2,4,0.437385,"Граница 4-го колена: вход 10,000 KZT, исходящие дальше не наблюдаются; роль получателя не доказана."
100000003917461100,peripheral,0.2,7,0.515243,"Недостаточно признаков роли: входящих связей 1, исходящих 2, глубина 3."
100000003920950100,terminal,0.846328,1,0.525573,"Нет наблюдаемых исходящих; вход от 1 плательщиков на 323,290 KZT. Вне выборки потоки неизвестны."
100000003922499100,terminal,0.698187,7,0.324212,"Нет наблюдаемых исходящих; вход от 1 плательщиков на 50,000 KZT. Вне выборки потоки неизвестны."
100000003923946100,peripheral,0.2,41,0.51773,"Недостаточно признаков роли: входящих связей 1, исходящих 4, глубина 1."
100000003927792100,terminal,0.557661,3,0.291864,"Нет наблюдаемых исходящих; вход от 1 плательщиков на 13,067 KZT. Вне выборки потоки неизвестны."
100000003934614100,peripheral,0.2,62,0.430112,"Недостаточно признаков роли: входящих связей 2, исходящих 1, глубина 3."
100000003942602100,transit,0.9,22,0.232437,"Признаки транзита: вход 30,000, выход 30,000 KZT; наблюдаемое отношение 1.00."
100000003943247100,terminal,0.672439,0,0.354882,"Нет наблюдаемых исходящих; вход от 1 плательщиков на 40,000 KZT. Вне выборки потоки неизвестны."
100000003943483100,terminal,0.539166,7,0.412081,"Нет наблюдаемых исходящих; вход от 1 плательщиков на 10,000 KZT. Вне выборки потоки неизвестны."
100000003946524100,transit,0.735627,2,0.802429,"Признаки транзита: вход 133,757, выход 144,750 KZT; наблюдаемое отношение 1.08."
100000003950749100,peripheral,0.2,16,0.321233,"Граница 4-го колена: вход 7,000 KZT, исходящие дальше не наблюдаются; роль получателя не доказана."
100000003951827100,peripheral,0.2,0,0.294356,"Недостаточно признаков роли: входящих связей 1, исходящих 2, глубина 3."
100000003962994100,terminal,0.539166,19,0.340536,"Нет наблюдаемых исходящих; вход от 1 плательщиков на 10,000 KZT. Вне выборки потоки неизвестны."
100000003964910100,terminal,0.889211,28,0.652161,"Нет наблюдаемых исходящих; вход от 2 плательщиков на 1,000,000 KZT. Вне выборки потоки неизвестны."
100000003968044100,peripheral,0.2,8,0.53141,"Недостаточно признаков роли: входящих связей 1, исходящих 3, глубина 3."
100000003970394100,terminal,0.744424,7,0.308582,"Нет наблюдаемых исходящих; вход от 1 плательщиков на 85,000 KZT. Вне выборки потоки неизвестны."
100000003971049100,terminal,0.712874,0,0.401373,"Нет наблюдаемых исходящих; вход от 1 плательщиков на 55,900 KZT. Вне выборки потоки неизвестны."
100000003975102100,peripheral,0.2,16,0.414583,"Недостаточно признаков роли: входящих связей 1, исходящих 2, глубина 0."
100000003977183100,peripheral,0.2,41,0.440491,"Недостаточно признаков роли: входящих связей 2, исходящих 4, глубина 0."
100000003980083100,terminal,0.646328,61,0.288909,"Нет наблюдаемых исходящих; вход от 1 плательщиков на 30,000 KZT. Вне выборки потоки неизвестны."
100000003985389100,peripheral,0.2,8,0.542246,"Граница 4-го колена: вход 422,698 KZT, исходящие дальше не наблюдаются; роль получателя не доказана."
100000003986141100,terminal,0.511423,28,0.251311,"Нет наблюдаемых исходящих; вход от 1 плательщиков на 5,286 KZT. Вне выборки потоки неизвестны."
100000003988112100,peripheral,0.2,49,0.474856,"Недостаточно признаков роли: входящих связей 1, исходящих 1, глубина 2."
100000003989033100,peripheral,0.2,24,0.427699,"Граница 4-го колена: вход 373,400 KZT, исходящие дальше не наблюдаются; роль получателя не доказана."
100000003996562100,terminal,0.523935,0,0.311755,"Нет наблюдаемых исходящих; вход от 1 плательщиков на 7,700 KZT. Вне выборки потоки неизвестны."
100000004004621100,consolidator,0.62,12,0.661448,"Признаки консолидации: 3 плательщиков, вход 75,389 KZT; исходящие 0 KZT."
100000004005964100,consolidator,0.62,34,0.457072,"Признаки консолидации: 3 плательщиков, вход 97,900 KZT; исходящие 72,000 KZT."
100000004006327100,peripheral,0.2,4,0.630038,"Граница 4-го колена: вход 300,000 KZT, исходящие дальше не наблюдаются; роль получателя не доказана."
100000004007116100,consolidator,0.62,34,0.516591,"Признаки консолидации: 3 плательщиков, вход 764,704 KZT; исходящие 148,000 KZT."
100000004007197100,terminal,0.545694,34,0.153993,"Нет наблюдаемых исходящих; вход от 1 плательщиков на 10,048 KZT. Вне выборки потоки неизвестны."
100000004013952100,peripheral,0.2,0,0.329471,"Граница 4-го колена: вход 5,500 KZT, исходящие дальше не наблюдаются; роль получателя не доказана."
100000004015047100,consolidator,0.86,41,0.902524,"Признаки консолидации: 9 плательщиков, вход 919,104 KZT; исходящие 69,195 KZT."
100000004017410100,peripheral,0.2,62,0.707947,"Недостаточно признаков роли: входящих связей 2, исходящих 5, глубина 3."
100000004019056100,peripheral,0.2,12,0.446997,"Граница 4-го колена: вход 50,000 KZT, исходящие дальше не наблюдаются; роль получателя не доказана."
100000004019124100,consolidator,0.62,16,0.775536,"Признаки консолидации: 3 плательщиков, вход 193,000 KZT; исходящие 0 KZT."
100000004021459100,peripheral,0.0,69,0.0,"Недостаточно признаков роли: входящих связей 0, исходящих 0, глубина 0."
100000004030553100,peripheral,0.2,35,0.341395,"Граница 4-го колена: вход 70,000 KZT, исходящие дальше не наблюдаются; роль получателя не доказана."
100000004035925100,peripheral,0.2,70,0.559239,"Граница 4-го колена: вход 1,111,588 KZT, исходящие дальше не наблюдаются; роль получателя не доказана."
100000004041163100,peripheral,0.2,49,0.698222,"Недостаточно признаков роли: входящих связей 1, исходящих 2, глубина 0."
100000004041294100,peripheral,0.2,13,0.332626,"Граница 4-го колена: вход 17,800 KZT, исходящие дальше не наблюдаются; роль получателя не доказана."
100000004047887100,peripheral,0.2,30,0.339096,"Граница 4-го колена: вход 30,000 KZT, исходящие дальше не наблюдаются; роль получателя не доказана."
100000004049912100,peripheral,0.2,43,0.320207,"Граница 4-го колена: вход 10,000 KZT, исходящие дальше не наблюдаются; роль получателя не доказана."
100000004058740100,terminal,0.646328,22,0.232437,"Нет наблюдаемых исходящих; вход от 1 плательщиков на 30,000 KZT. Вне выборки потоки неизвестны."
100000004064431100,peripheral,0.2,34,0.220254,"Недостаточно признаков роли: входящих связей 1, исходящих 1, глубина 3."
100000004066370100,peripheral,0.2,26,0.345716,"Граница 4-го колена: вход 65,000 KZT, исходящие дальше не наблюдаются; роль получателя не доказана."
100000004066647100,terminal,0.703445,43,0.395613,"Нет наблюдаемых исходящих; вход от 1 плательщиков на 51,000 KZT. Вне выборки потоки неизвестны."
100000004070318100,coordinator,0.892899,0,0.750626,"Признаки координации: доступен от 7 seed, связей между кластерами 8; посредничество 0.0046."
100000004070530100,peripheral,0.2,30,0.306497,"Граница 4-го колена: вход 20,000 KZT, исходящие дальше не наблюдаются; роль получателя не доказана."
100000004071070100,peripheral,0.2,0,0.536633,"Недостаточно признаков роли: входящих связей 2, исходящих 1, глубина 2."
100000004071080100,consolidator,0.86,0,0.729101,"Признаки консолидации: 9 плательщиков, вход 238,600 KZT; исходящие 46,500 KZT."
100000004071444100,peripheral,0.2,0,0.527649,"Недостаточно признаков роли: входящих связей 1, исходящих 1, глубина 3."
100000004076740100,consolidator,0.62,62,0.731382,"Признаки консолидации: 3 плательщиков, вход 93,250 KZT; исходящие 125,000 KZT."
100000004077081100,peripheral,0.2,2,0.574488,"Недостаточно признаков роли: входящих связей 1, исходящих 4, глубина 3."
100000004094958100,transit,0.848718,71,0.293346,"Признаки транзита: вход 39,000, выход 40,000 KZT; наблюдаемое отношение 1.03."
100000004096559100,terminal,0.685313,1,0.3292,"Нет наблюдаемых исходящих; вход от 1 плательщиков на 46,200 KZT. Вне выборки потоки неизвестны."
100000004097972100,peripheral,0.2,0,0.572012,"Недостаточно признаков роли: входящих связей 1, исходящих 2, глубина 3."
100000004099450100,terminal,0.651496,0,0.366703,"Нет наблюдаемых исходящих; вход от 1 плательщиков на 31,000 KZT. Вне выборки потоки неизвестны."
100000004105288100,terminal,0.820218,2,0.743509,"Нет наблюдаемых исходящих; вход от 2 плательщиков на 215,000 KZT. Вне выборки потоки неизвестны."
100000004107228100,peripheral,0.2,2,0.25443,"Граница 4-го колена: вход 5,000 KZT, исходящие дальше не наблюдаются; роль получателя не доказана."
100000004114962100,terminal,0.798912,10,0.608758,"Нет наблюдаемых исходящих; вход от 2 плательщиков на 165,000 KZT. Вне выборки потоки неизвестны."
100000004130144100,terminal,0.815231,1,0.349078,"Нет наблюдаемых исходящих; вход от 1 плательщиков на 200,000 KZT. Вне выборки потоки неизвестны."
100000004134060100,terminal,0.747144,35,0.5418,"Нет наблюдаемых исходящих; вход от 1 плательщиков на 88,179 KZT. Вне выборки потоки неизвестны."
100000004135268100,transit,0.514528,58,0.552741,"Признаки транзита: вход 1,239,000, выход 1,000,200 KZT; наблюдаемое отношение 0.81."
100000004140487100,distributor,0.633333,2,0.540713,"Признаки распределения: 10 получателей, 19 переводов, исходящие 262,600 KZT."
100000004140994100,terminal,0.590299,22,0.184986,"Нет наблюдаемых исходящих; вход от 1 плательщиков на 18,650 KZT. Вне выборки потоки неизвестны."
100000004144536100,consolidator,0.66,34,0.51497,"Признаки консолидации: 4 плательщиков, вход 168,000 KZT; исходящие 0 KZT."
100000004150593100,distributor,0.646667,16,0.650365,"Признаки распределения: 11 получателей, 16 переводов, исходящие 871,165 KZT."
100000004156082100,coordinator,0.861341,3,0.806962,"Признаки координации: доступен от 7 seed, связей между кластерами 3; посредничество 0.0004."
100000004158362100,terminal,0.551315,0,0.293503,"Нет наблюдаемых исходящих; вход от 1 плательщиков на 12,000 KZT. Вне выборки потоки неизвестны."
100000004159526100,consolidator,0.66,40,0.859133,"Признаки консолидации: 4 плательщиков, вход 275,037 KZT; исходящие 68,000 KZT."
100000004160650100,distributor,0.633333,34,0.434297,"Признаки распределения: 10 получателей, 40 переводов, исходящие 1,489,827 KZT."
100000004167082100,peripheral,0.2,12,0.344542,"Граница 4-го колена: вход 13,300 KZT, исходящие дальше не наблюдаются; роль получателя не доказана."
100000004174835100,peripheral,0.0,72,0.0,"Недостаточно признаков роли: входящих связей 0, исходящих 0, глубина 0."
100000004177936100,peripheral,0.2,8,0.323677,"Граница 4-го колена: вход 10,000 KZT, исходящие дальше не наблюдаются; роль получателя не доказана."
100000004180097100,consolidator,0.62,0,0.738273,"Признаки консолидации: 3 плательщиков, вход 104,854 KZT; исходящие 47,800 KZT."
100000004183610100,peripheral,0.2,12,0.404761,"Недостаточно признаков роли: входящих связей 1, исходящих 1, глубина 3."
100000004184158100,terminal,0.818042,0,0.481115,"Нет наблюдаемых исходящих; вход от 1 плательщиков на 203,805 KZT. Вне выборки потоки неизвестны."
100000004185681100,terminal,0.539166,2,0.346275,"Нет наблюдаемых исходящих; вход от 1 плательщиков на 10,000 KZT. Вне выборки потоки неизвестны."
100000004186824100,peripheral,0.2,16,0.626441,"Недостаточно признаков роли: входящих связей 2, исходящих 1, глубина 1."
100000004188160100,coordinator,0.891321,16,0.665073,"Признаки координации: доступен от 7 seed, связей между кластерами 2; посредничество 0.0042."
100000004192107100,terminal,0.625023,2,0.445145,"Нет наблюдаемых исходящих; вход от 1 плательщиков на 25,000 KZT. Вне выборки потоки неизвестны."
100000004192865100,terminal,0.725385,27,0.344815,"Нет наблюдаемых исходящих; вход от 1 плательщиков на 66,666 KZT. Вне выборки потоки неизвестны."
100000004193835100,peripheral,0.2,16,0.440936,"Недостаточно признаков роли: входящих связей 1, исходящих 1, глубина 0."
100000004200745100,peripheral,0.2,7,0.615602,"Граница 4-го колена: вход 130,000 KZT, исходящие дальше не наблюдаются; роль получателя не доказана."
100000004206046100,terminal,0.549139,16,0.274527,"Нет наблюдаемых исходящих; вход от 1 плательщиков на 11,075 KZT. Вне выборки потоки неизвестны."
100000004209339100,peripheral,0.2,53,0.697144,"Недостаточно признаков роли: входящих связей 1, исходящих 2, глубина 2."
100000004213658100,terminal,0.62874,22,0.21862,"Нет наблюдаемых исходящих; вход от 1 плательщиков на 25,347 KZT. Вне выборки потоки неизвестны."
100000004217419100,peripheral,0.2,8,0.625942,"Недостаточно признаков роли: входящих связей 2, исходящих 1, глубина 3."
100000004218576100,terminal,0.63155,22,0.220888,"Нет наблюдаемых исходящих; вход от 1 плательщиков на 26,144 KZT. Вне выборки потоки неизвестны."
100000004221668100,consolidator,0.66,41,0.613006,"Признаки консолидации: 4 плательщиков, вход 1,128,300 KZT; исходящие 731,440 KZT."
100000004222274100,peripheral,0.2,0,0.36817,"Граница 4-го колена: вход 15,500 KZT, исходящие дальше не наблюдаются; роль получателя не доказана."
100000004225615100,terminal,0.749048,4,0.30222,"Нет наблюдаемых исходящих; вход от 1 плательщиков на 90,000 KZT. Вне выборки потоки неизвестны."
100000004226848100,terminal,0.844152,2,0.64497,"Нет наблюдаемых исходящих; вход от 1 плательщиков на 301,866 KZT. Вне выборки потоки неизвестны."
100000004232712100,peripheral,0.2,10,0.353307,"Граница 4-го колена: вход 12,500 KZT, исходящие дальше не наблюдаются; роль получателя не доказана."
100000004235471100,peripheral,0.2,10,0.492625,"Граница 4-го колена: вход 180,000 KZT, исходящие дальше не наблюдаются; роль получателя не доказана."
100000004241142100,peripheral,0.2,0,0.405454,"Граница 4-го колена: вход 27,102 KZT, исходящие дальше не наблюдаются; роль получателя не доказана."
100000004254434100,terminal,0.680236,22,0.260991,"Нет наблюдаемых исходящих; вход от 1 плательщиков на 44,445 KZT. Вне выборки потоки неизвестны."
100000004257714100,terminal,0.705621,22,0.274366,"Нет наблюдаемых исходящих; вход от 1 плательщиков на 52,220 KZT. Вне выборки потоки неизвестны."
100000004260869100,peripheral,0.2,16,0.357663,"Граница 4-го колена: вход 10,000 KZT, исходящие дальше не наблюдаются; роль получателя не доказана."
100000004261340100,peripheral,0.2,0,0.42163,"Граница 4-го колена: вход 48,500 KZT, исходящие дальше не наблюдаются; роль получателя не доказана."
100000004263867100,peripheral,0.2,47,0.154917,"Граница 4-го колена: вход 9,000 KZT, исходящие дальше не наблюдаются; роль получателя не доказана."
100000004265639100,peripheral,0.2,8,0.349389,"Граница 4-го колена: вход 10,000 KZT, исходящие дальше не наблюдаются; роль получателя не доказана."
100000004268036100,peripheral,0.2,47,0.137202,"Граница 4-го колена: вход 5,500 KZT, исходящие дальше не наблюдаются; роль получателя не доказана."
100000004269433100,peripheral,0.2,3,0.047066,"Недостаточно признаков роли: входящих связей 0, исходящих 1, глубина 0."
100000004272302100,peripheral,0.2,57,0.271364,"Граница 4-го колена: вход 10,000 KZT, исходящие дальше не наблюдаются; роль получателя не доказана."
100000004278574100,peripheral,0.2,10,0.35696,"Недостаточно признаков роли: входящих связей 1, исходящих 1, глубина 3."
100000004285800100,peripheral,0.2,0,0.432438,"Недостаточно признаков роли: входящих связей 1, исходящих 1, глубина 2."
100000004286573100,terminal,0.57815,7,0.176859,"Нет наблюдаемых исходящих; вход от 1 плательщиков на 16,590 KZT. Вне выборки потоки неизвестны."
100000004291560100,terminal,0.689211,0,0.366788,"Нет наблюдаемых исходящих; вход от 1 плательщиков на 47,190 KZT. Вне выборки потоки неизвестны."
100000004291663100,peripheral,0.2,0,0.365949,"Граница 4-го колена: вход 25,000 KZT, исходящие дальше не наблюдаются; роль получателя не доказана."
100000004292885100,terminal,0.771804,22,0.330143,"Нет наблюдаемых исходящих; вход от 1 плательщиков на 112,700 KZT. Вне выборки потоки неизвестны."
100000004299488100,consolidator,0.74,0,0.738152,"Признаки консолидации: 6 плательщиков, вход 1,749,000 KZT; исходящие 344,999 KZT."
100000004315838100,peripheral,0.2,2,0.640601,"Недостаточно признаков роли: входящих связей 2, исходящих 1, глубина 1."
100000004318918100,terminal,0.735902,11,0.511464,"Нет наблюдаемых исходящих; вход от 1 плательщиков на 75,600 KZT. Вне выборки потоки неизвестны."
100000004321983100,peripheral,0.2,41,0.24332,"Недостаточно признаков роли: входящих связей 1, исходящих 2, глубина 3."
100000004325327100,transit,0.876926,0,0.582517,"Признаки транзита: вход 70,817, выход 70,000 KZT; наблюдаемое отношение 0.99."
100000004326224100,peripheral,0.2,10,0.457485,"Граница 4-го колена: вход 60,000 KZT, исходящие дальше не наблюдаются; роль получателя не доказана."
100000004330371100,peripheral,0.2,16,0.67212,"Недостаточно признаков роли: входящих связей 2, исходящих 2, глубина 1."
100000004331458100,terminal,0.831188,71,0.512996,"Нет наблюдаемых исходящих; вход от 2 плательщиков на 250,000 KZT. Вне выборки потоки неизвестны."
100000004336228100,terminal,0.704352,8,0.399516,"Нет наблюдаемых исходящих; вход от 1 плательщиков на 51,407 KZT. Вне выборки потоки неизвестны."
100000004336312100,transit,0.507034,62,0.662929,"Признаки транзита: вход 90,415, выход 72,650 KZT; наблюдаемое отношение 0.80."
100000004340038100,peripheral,0.2,12,0.310294,"Недостаточно признаков роли: входящих связей 1, исходящих 1, глубина 3."
100000004350094100,peripheral,0.2,43,0.395687,"Граница 4-го колена: вход 20,000 KZT, исходящие дальше не наблюдаются; роль получателя не доказана."
100000004351795100,coordinator,0.883432,0,0.71294,"Признаки координации: доступен от 7 seed, связей между кластерами 5; посредничество 0.0022."
100000004356593100,peripheral,0.2,2,0.426553,"Недостаточно признаков роли: входящих связей 1, исходящих 1, глубина 2."
100000004358004100,distributor,0.646667,2,0.185106,"Признаки распределения: 11 получателей, 17 переводов, исходящие 980,850 KZT."
100000004360785100,terminal,0.754397,16,0.430305,"Нет наблюдаемых исходящих; вход от 1 плательщиков на 94,705 KZT. Вне выборки потоки неизвестны."
100000004368189100,peripheral,0.2,24,0.46597,"Недостаточно признаков роли: входящих связей 1, исходящих 2, глубина 3."
100000004377043100,peripheral,0.2,15,0.314136,"Граница 4-го колена: вход 5,700 KZT, исходящие дальше не наблюдаются; роль получателя не доказана."
100000004379306100,peripheral,0.2,8,0.362684,"Граница 4-го колена: вход 15,000 KZT, исходящие дальше не наблюдаются; роль получателя не доказана."
100000004386258100,consolidator,0.62,7,0.793584,"Признаки консолидации: 3 плательщиков, вход 61,700 KZT; исходящие 40,000 KZT."
100000004386286100,peripheral,0.2,7,0.474356,"Граница 4-го колена: вход 12,500 KZT, исходящие дальше не наблюдаются; роль получателя не доказана."
100000004386331100,transit,0.65,7,0.560051,"Признаки транзита: вход 20,000, выход 17,500 KZT; наблюдаемое отношение 0.88."
100000004388209100,terminal,0.550227,22,0.157805,"Нет наблюдаемых исходящих; вход от 1 плательщиков на 11,800 KZT. Вне выборки потоки неизвестны."
100000004388353100,terminal,0.720671,11,0.61988,"Нет наблюдаемых исходящих; вход от 2 плательщиков на 62,960 KZT. Вне выборки потоки неизвестны."
100000004388983100,peripheral,0.2,73,0.112916,"Недостаточно признаков роли: входящих связей 0, исходящих 2, глубина 0."
100000004390333100,peripheral,0.2,0,0.636682,"Недостаточно признаков роли: входящих связей 2, исходящих 9, глубина 1."
100000004394765100,consolidator,0.62,16,0.751941,"Признаки консолидации: 3 плательщиков, вход 603,844 KZT; исходящие 82,500 KZT."
100000004398811100,peripheral,0.2,2,0.480477,"Недостаточно признаков роли: входящих связей 1, исходящих 3, глубина 2."
100000004399686100,terminal,0.886038,21,0.446424,"Нет наблюдаемых исходящих; вход от 1 плательщиков на 806,000 KZT. Вне выборки потоки неизвестны."
100000004400305100,coordinator,0.890533,0,0.775506,"Признаки координации: доступен от 7 seed, связей между кластерами 9; посредничество 0.0039."
100000004400361100,terminal,0.539166,16,0.269673,"Нет наблюдаемых исходящих; вход от 1 плательщиков на 10,000 KZT. Вне выборки потоки неизвестны."
100000004400480100,peripheral,0.2,24,0.303319,"Граница 4-го колена: вход 21,700 KZT, исходящие дальше не наблюдаются; роль получателя не доказана."
100000004403548100,peripheral,0.2,8,0.309234,"Граница 4-го колена: вход 5,000 KZT, исходящие дальше не наблюдаются; роль получателя не доказана."
100000004403641100,peripheral,0.2,24,0.558171,"Граница 4-го колена: вход 171,500 KZT, исходящие дальше не наблюдаются; роль получателя не доказана."
100000004403675100,coordinator,0.878698,49,0.779147,"Признаки координации: доступен от 7 seed, связей между кластерами 4; посредничество 0.0014."
100000004407753100,peripheral,0.2,15,0.540799,"Недостаточно признаков роли: входящих связей 1, исходящих 1, глубина 3."
100000004408683100,terminal,0.772348,16,0.569246,"Нет наблюдаемых исходящих; вход от 2 плательщиков на 112,920 KZT. Вне выборки потоки неизвестны."
100000004410489100,terminal,0.70961,2,0.421441,"Нет наблюдаемых исходящих; вход от 1 плательщиков на 54,000 KZT. Вне выборки потоки неизвестны."
100000004417753100,terminal,0.810426,2,0.594291,"Нет наблюдаемых исходящих; вход от 2 плательщиков на 192,099 KZT. Вне выборки потоки неизвестны."
100000004418967100,peripheral,0.2,4,0.568118,"Граница 4-го колена: вход 100,000 KZT, исходящие дальше не наблюдаются; роль получателя не доказана."
100000004420041100,peripheral,0.2,7,0.637887,"Недостаточно признаков роли: входящих связей 1, исходящих 7, глубина 3."
100000004424023100,peripheral,0.2,24,0.606943,"Недостаточно признаков роли: входящих связей 1, исходящих 1, глубина 2."
100000004433250100,peripheral,0.2,0,0.300453,"Граница 4-го колена: вход 8,000 KZT, исходящие дальше не наблюдаются; роль получателя не доказана."
100000004435304100,terminal,0.633726,22,0.231033,"Нет наблюдаемых исходящих; вход от 1 плательщиков на 26,200 KZT. Вне выборки потоки неизвестны."
100000004441291100,terminal,0.598368,2,0.514042,"Нет наблюдаемых исходящих; вход от 1 плательщиков на 20,000 KZT. Вне выборки потоки неизвестны."
100000004445291100,terminal,0.592747,13,0.351382,"Нет наблюдаемых исходящих; вход от 1 плательщиков на 19,500 KZT. Вне выборки потоки неизвестны."
100000004449824100,peripheral,0.2,47,0.154917,"Граница 4-го колена: вход 9,000 KZT, исходящие дальше не наблюдаются; роль получателя не доказана."
100000004450649100,peripheral,0.2,10,0.596913,"Недостаточно признаков роли: входящих связей 2, исходящих 2, глубина 3."
100000004451012100,peripheral,0.2,43,0.593547,"Недостаточно признаков роли: входящих связей 1, исходящих 3, глубина 3."
100000004456564100,terminal,0.539166,40,0.424336,"Нет наблюдаемых исходящих; вход от 1 плательщиков на 10,000 KZT. Вне выборки потоки неизвестны."
100000004463277100,terminal,0.661197,27,0.310035,"Нет наблюдаемых исходящих; вход от 1 плательщиков на 35,000 KZT. Вне выборки потоки неизвестны."
100000004467157100,peripheral,0.2,62,0.369708,"Недостаточно признаков роли: входящих связей 1, исходящих 1, глубина 2."
100000004472936100,peripheral,0.2,12,0.323736,"Граница 4-го колена: вход 5,000 KZT, исходящие дальше не наблюдаются; роль получателя не доказана."
100000004475818100,peripheral,0.2,10,0.497649,"Недостаточно признаков роли: входящих связей 1, исходящих 3, глубина 3."
100000004479404100,peripheral,0.2,50,0.781828,"Недостаточно признаков роли: входящих связей 2, исходящих 1, глубина 2."
100000004480280100,peripheral,0.2,2,0.696319,"Недостаточно признаков роли: входящих связей 1, исходящих 2, глубина 1."
100000004486525100,consolidator,0.82,0,0.671841,"Признаки консолидации: 8 плательщиков, вход 360,924 KZT; исходящие 271,045 KZT."
100000004488265100,terminal,0.668631,8,0.371941,"Нет наблюдаемых исходящих; вход от 1 плательщиков на 38,740 KZT. Вне выборки потоки неизвестны."
100000004491749100,terminal,0.698187,41,0.304906,"Нет наблюдаемых исходящих; вход от 1 плательщиков на 50,000 KZT. Вне выборки потоки неизвестны."
100000004491881100,terminal,0.580236,22,0.181965,"Нет наблюдаемых исходящих; вход от 1 плательщиков на 17,144 KZT. Вне выборки потоки неизвестны."
100000004493586100,terminal,0.523209,0,0.265306,"Нет наблюдаемых исходящих; вход от 1 плательщиков на 7,500 KZT. Вне выборки потоки неизвестны."
100000004494983100,terminal,0.661197,22,0.244466,"Нет наблюдаемых исходящих; вход от 1 плательщиков на 35,000 KZT. Вне выборки потоки неизвестны."
100000004497606100,terminal,0.571895,22,0.175418,"Нет наблюдаемых исходящих; вход от 1 плательщиков на 15,534 KZT. Вне выборки потоки неизвестны."
100000004500444100,peripheral,0.2,40,0.632287,"Недостаточно признаков роли: входящих связей 2, исходящих 1, глубина 3."
100000004500781100,peripheral,0.2,40,0.476618,"Граница 4-го колена: вход 74,000 KZT, исходящие дальше не наблюдаются; роль получателя не доказана."
100000004502048100,peripheral,0.2,43,0.337417,"Граница 4-го колена: вход 13,888 KZT, исходящие дальше не наблюдаются; роль получателя не доказана."
100000004508696100,peripheral,0.2,19,0.470738,"Недостаточно признаков роли: входящих связей 1, исходящих 3, глубина 3."
100000004509286100,terminal,0.672439,2,0.502796,"Нет наблюдаемых исходящих; вход от 1 плательщиков на 40,000 KZT. Вне выборки потоки неизвестны."
100000004526651100,peripheral,0.2,4,0.444494,"Граница 4-го колена: вход 33,000 KZT, исходящие дальше не наблюдаются; роль получателя не доказана."
100000004527381100,peripheral,0.2,3,0.47924,"Недостаточно признаков роли: входящих связей 1, исходящих 1, глубина 2."
100000004539443100,terminal,0.719764,2,0.69108,"Нет наблюдаемых исходящих; вход от 2 плательщиков на 61,990 KZT. Вне выборки потоки неизвестны."
100000004544958100,peripheral,0.2,11,0.68296,"Недостаточно признаков роли: входящих связей 1, исходящих 2, глубина 2."
100000004549591100,peripheral,0.2,19,0.434434,"Граница 4-го колена: вход 49,000 KZT, исходящие дальше не наблюдаются; роль получателя не доказана."
100000004552204100,peripheral,0.2,42,0.561548,"Недостаточно признаков роли: входящих связей 1, исходящих 2, глубина 3."
100000004553349100,terminal,0.524297,10,0.292943,"Нет наблюдаемых исходящих; вход от 1 плательщиков на 7,755 KZT. Вне выборки потоки неизвестны."
100000004559194100,terminal,0.839075,16,0.503424,"Нет наблюдаемых исходящих; вход от 1 плательщиков на 282,145 KZT. Вне выборки потоки неизвестны."
100000004564736100,terminal,0.567271,29,0.349205,"Нет наблюдаемых исходящих; вход от 1 плательщиков на 15,000 KZT. Вне выборки потоки неизвестны."
100000004569484100,coordinator,0.888166,18,0.690969,"Признаки координации: доступен от 7 seed, связей между кластерами 2; посредничество 0.0035."
100000004569637100,peripheral,0.2,8,0.33343,"Граница 4-го колена: вход 5,500 KZT, исходящие дальше не наблюдаются; роль получателя не доказана."
100000004571634100,peripheral,0.2,11,0.458779,"Граница 4-го колена: вход 20,000 KZT, исходящие дальше не наблюдаются; роль получателя не доказана."
100000004573782100,terminal,0.567271,1,0.207604,"Нет наблюдаемых исходящих; вход от 1 плательщиков на 15,000 KZT. Вне выборки потоки неизвестны."
100000004580202100,peripheral,0.2,29,0.476779,"Недостаточно признаков роли: входящих связей 1, исходящих 3, глубина 2."
100000004580254100,terminal,0.637987,28,0.465965,"Нет наблюдаемых исходящих; вход от 2 плательщиков на 27,940 KZT. Вне выборки потоки неизвестны."
100000004584730100,peripheral,0.2,50,0.399867,"Граница 4-го колена: вход 47,000 KZT, исходящие дальше не наблюдаются; роль получателя не доказана."
100000004586598100,peripheral,0.2,25,0.56294,"Граница 4-го колена: вход 761,255 KZT, исходящие дальше не наблюдаются; роль получателя не доказана."
100000004587414100,terminal,0.874071,10,0.615786,"Нет наблюдаемых исходящих; вход от 2 плательщиков на 533,603 KZT. Вне выборки потоки неизвестны."
100000004588479100,terminal,0.803898,16,0.472809,"Нет наблюдаемых исходящих; вход от 1 плательщиков на 177,633 KZT. Вне выборки потоки неизвестны."
100000004591973100,peripheral,0.2,7,0.483111,"Недостаточно признаков роли: входящих связей 1, исходящих 1, глубина 3."
100000004592467100,terminal,0.521306,2,0.135414,"Нет наблюдаемых исходящих; вход от 1 плательщиков на 7,000 KZT. Вне выборки потоки неизвестны."
100000004596284100,peripheral,0.2,16,0.41899,"Граница 4-го колена: вход 30,000 KZT, исходящие дальше не наблюдаются; роль получателя не доказана."
100000004601193100,peripheral,0.2,11,0.570826,"Граница 4-го колена: вход 84,000 KZT, исходящие дальше не наблюдаются; роль получателя не доказана."
100000004603109100,consolidator,0.62,21,0.615567,"Признаки консолидации: 3 плательщиков, вход 2,730,000 KZT; исходящие 400,000 KZT."
100000004610802100,peripheral,0.2,56,0.521043,"Граница 4-го колена: вход 241,000 KZT, исходящие дальше не наблюдаются; роль получателя не доказана."
100000004611571100,terminal,0.61097,0,0.313483,"Нет наблюдаемых исходящих; вход от 1 плательщиков на 22,550 KZT. Вне выборки потоки неизвестны."
100000004613582100,peripheral,0.2,1,0.206956,"Недостаточно признаков роли: входящих связей 1, исходящих 1, глубина 3."
100000004616845100,peripheral,0.2,44,0.316658,"Граница 4-го колена: вход 20,200 KZT, исходящие дальше не наблюдаются; роль получателя не доказана."
100000004622227100,peripheral,0.2,0,0.465779,"Недостаточно признаков роли: входящих связей 1, исходящих 3, глубина 1."
100000004629688100,peripheral,0.2,3,0.311636,"Недостаточно признаков роли: входящих связей 1, исходящих 1, глубина 3."
100000004634420100,terminal,0.632276,22,0.216648,"Нет наблюдаемых исходящих; вход от 1 плательщиков на 26,150 KZT. Вне выборки потоки неизвестны."
100000004635886100,terminal,0.612149,16,0.334282,"Нет наблюдаемых исходящих; вход от 1 плательщиков на 23,000 KZT. Вне выборки потоки неизвестны."
100000004644615100,peripheral,0.2,24,0.344073,"Недостаточно признаков роли: входящих связей 1, исходящих 2, глубина 3."
100000004652395100,consolidator,0.6,0,0.571575,"Признаки консолидации: 3 плательщиков, вход 101,528 KZT; исходящие 0 KZT. Выход за 4-м коленом неизвестен."
100000004655046100,peripheral,0.2,18,0.512193,"Граница 4-го колена: вход 24,000 KZT, исходящие дальше не наблюдаются; роль получателя не доказана."
100000004657034100,terminal,0.78767,10,0.437044,"Нет наблюдаемых исходящих; вход от 1 плательщиков на 141,250 KZT. Вне выборки потоки неизвестны."
100000004659919100,peripheral,0.2,48,0.664644,"Недостаточно признаков роли: входящих связей 1, исходящих 1, глубина 3."
100000004662806100,peripheral,0.2,7,0.708364,"Недостаточно признаков роли: входящих связей 2, исходящих 2, глубина 1."
100000004664515100,terminal,0.667362,0,0.369235,"Нет наблюдаемых исходящих; вход от 1 плательщиков на 37,691 KZT. Вне выборки потоки неизвестны."
100000004664905100,terminal,0.847053,16,0.619229,"Нет наблюдаемых исходящих; вход от 2 плательщиков на 329,020 KZT. Вне выборки потоки неизвестны."
100000004666651100,terminal,0.861378,74,0.668548,"Нет наблюдаемых исходящих; вход от 1 плательщиков на 429,250 KZT. Вне выборки потоки неизвестны."
100000004670388100,peripheral,0.2,6,0.599939,"Недостаточно признаков роли: входящих связей 1, исходящих 2, глубина 3."
100000004671609100,terminal,0.760925,24,0.553476,"Нет наблюдаемых исходящих; вход от 1 плательщиков на 100,000 KZT. Вне выборки потоки неизвестны."
100000004673335100,peripheral,0.2,33,0.466608,"Граница 4-го колена: вход 80,000 KZT, исходящие дальше не наблюдаются; роль получателя не доказана."
100000004674178100,peripheral,0.2,13,0.342707,"Граница 4-го колена: вход 20,000 KZT, исходящие дальше не наблюдаются; роль получателя не доказана."
100000004674389100,peripheral,0.2,11,0.435429,"Граница 4-го колена: вход 15,000 KZT, исходящие дальше не наблюдаются; роль получателя не доказана."
100000004674412100,peripheral,0.2,11,0.522813,"Граница 4-го колена: вход 46,000 KZT, исходящие дальше не наблюдаются; роль получателя не доказана."
100000004674799100,terminal,0.785857,0,0.510999,"Нет наблюдаемых исходящих; вход от 1 плательщиков на 140,000 KZT. Вне выборки потоки неизвестны."
100000004676985100,transit,0.580223,0,0.378718,"Признаки транзита: вход 32,260, выход 27,102 KZT; наблюдаемое отношение 0.84."
100000004677680100,peripheral,0.2,11,0.731038,"Недостаточно признаков роли: входящих связей 2, исходящих 1, глубина 1."
100000004679953100,consolidator,0.62,8,0.75755,"Признаки консолидации: 3 плательщиков, вход 343,538 KZT; исходящие 34,100 KZT."
100000004687099100,terminal,0.646328,1,0.26858,"Нет наблюдаемых исходящих; вход от 1 плательщиков на 30,000 KZT. Вне выборки потоки неизвестны."
100000004687282100,terminal,0.598368,16,0.359522,"Нет наблюдаемых исходящих; вход от 1 плательщиков на 20,000 KZT. Вне выборки потоки неизвестны."
100000004689658100,peripheral,0.2,8,0.572633,"Недостаточно признаков роли: входящих связей 1, исходящих 1, глубина 3."
100000004691350100,peripheral,0.2,6,0.370387,"Граница 4-го колена: вход 13,300 KZT, исходящие дальше не наблюдаются; роль получателя не доказана."
100000004692798100,peripheral,0.2,7,0.513043,"Недостаточно признаков роли: входящих связей 2, исходящих 1, глубина 1."
100000004697956100,transit,0.9,41,0.218107,"Признаки транзита: вход 10,000, выход 10,000 KZT; наблюдаемое отношение 1.00."
100000004698193100,peripheral,0.2,41,0.515662,"Недостаточно признаков роли: входящих связей 2, исходящих 3, глубина 2."
100000004707703100,transit,0.836064,16,0.737638,"Признаки транзита: вход 239,300, выход 231,650 KZT; наблюдаемое отношение 0.97."
100000004713684100,terminal,0.666908,0,0.351114,"Нет наблюдаемых исходящих; вход от 1 плательщиков на 37,500 KZT. Вне выборки потоки неизвестны."
100000004714705100,peripheral,0.2,49,0.047066,"Недостаточно признаков роли: входящих связей 0, исходящих 1, глубина 0."
100000004715209100,peripheral,0.2,4,0.438858,"Недостаточно признаков роли: входящих связей 1, исходящих 5, глубина 3."
100000004717647100,peripheral,0.2,50,0.738429,"Недостаточно признаков роли: входящих связей 1, исходящих 5, глубина 3."
100000004722630100,peripheral,0.2,6,0.5349,"Граница 4-го колена: вход 340,000 KZT, исходящие дальше не наблюдаются; роль получателя не доказана."
100000004722765100,peripheral,0.2,57,0.686973,"Недостаточно признаков роли: входящих связей 1, исходящих 3, глубина 3."
100000004723755100,peripheral,0.2,2,0.047066,"Недостаточно признаков роли: входящих связей 0, исходящих 1, глубина 0."
100000004726132100,peripheral,0.2,0,0.546586,"Недостаточно признаков роли: входящих связей 1, исходящих 1, глубина 3."
100000004732589100,terminal,0.823119,11,0.389973,"Нет наблюдаемых исходящих; вход от 1 плательщиков на 227,520 KZT. Вне выборки потоки неизвестны."
100000004737477100,transit,0.53313,0,0.512009,"Признаки транзита: вход 49,598, выход 40,500 KZT; наблюдаемое отношение 0.82."
100000004737764100,terminal,0.878513,2,0.566908,"Нет наблюдаемых исходящих; вход от 1 плательщиков на 600,000 KZT. Вне выборки потоки неизвестны."
100000004739664100,transit,0.566667,22,0.158663,"Признаки транзита: вход 12,000, выход 10,000 KZT; наблюдаемое отношение 0.83."
100000004741837100,terminal,0.629465,16,0.330292,"Нет наблюдаемых исходящих; вход от 1 плательщиков на 25,596 KZT. Вне выборки потоки неизвестны."
100000004744306100,peripheral,0.2,49,0.665626,"Недостаточно признаков роли: входящих связей 1, исходящих 2, глубина 1."
100000004746397100,peripheral,0.2,10,0.592664,"Недостаточно признаков роли: входящих связей 1, исходящих 1, глубина 3."
100000004747154100,peripheral,0.2,4,0.439235,"Граница 4-го колена: вход 67,000 KZT, исходящие дальше не наблюдаются; роль получателя не доказана."
100000004750321100,terminal,0.701813,18,0.505989,"Нет наблюдаемых исходящих; вход от 2 плательщиков на 50,185 KZT. Вне выборки потоки неизвестны."
100000004750897100,terminal,0.539166,3,0.341248,"Нет наблюдаемых исходящих; вход от 1 плательщиков на 10,000 KZT. Вне выборки потоки неизвестны."
100000004756901100,terminal,0.794288,16,0.471652,"Нет наблюдаемых исходящих; вход от 1 плательщиков на 153,248 KZT. Вне выборки потоки неизвестны."
100000004759121100,consolidator,0.74,0,0.796679,"Признаки консолидации: 6 плательщиков, вход 710,000 KZT; исходящие 312,000 KZT."
100000004765639100,peripheral,0.2,0,0.34012,"Недостаточно признаков роли: входящих связей 1, исходящих 2, глубина 2."
100000004770073100,transit,0.898327,0,0.290977,"Признаки транзита: вход 5,462, выход 5,467 KZT; наблюдаемое отношение 1.00."
100000004777215100,peripheral,0.2,32,0.450679,"Граница 4-го колена: вход 60,000 KZT, исходящие дальше не наблюдаются; роль получателя не доказана."
100000004779204100,peripheral,0.2,0,0.375505,"Недостаточно признаков роли: входящих связей 1, исходящих 1, глубина 3."
100000004780083100,peripheral,0.2,56,0.286812,"Граница 4-го колена: вход 9,999 KZT, исходящие дальше не наблюдаются; роль получателя не доказана."
100000004780327100,peripheral,0.2,47,0.173387,"Граница 4-го колена: вход 12,000 KZT, исходящие дальше не наблюдаются; роль получателя не доказана."
100000004783447100,terminal,0.633726,22,0.222314,"Нет наблюдаемых исходящих; вход от 1 плательщиков на 26,200 KZT. Вне выборки потоки неизвестны."
100000004784224100,peripheral,0.2,21,0.233166,"Недостаточно признаков роли: входящих связей 1, исходящих 1, глубина 1."
100000004788983100,peripheral,0.2,0,0.391586,"Граница 4-го колена: вход 27,000 KZT, исходящие дальше не наблюдаются; роль получателя не доказана."
100000004790991100,terminal,0.828196,16,0.493066,"Нет наблюдаемых исходящих; вход от 1 плательщиков на 239,413 KZT. Вне выборки потоки неизвестны."
100000004791226100,peripheral,0.2,0,0.3847,"Граница 4-го колена: вход 20,000 KZT, исходящие дальше не наблюдаются; роль получателя не доказана."
100000004792397100,terminal,0.733545,22,0.303874,"Нет наблюдаемых исходящих; вход от 1 плательщиков на 73,520 KZT. Вне выборки потоки неизвестны."
100000004797167100,peripheral,0.2,35,0.297922,"Граница 4-го колена: вход 31,000 KZT, исходящие дальше не наблюдаются; роль получателя не доказана."
100000004798515100,peripheral,0.2,7,0.502223,"Граница 4-го колена: вход 200,000 KZT, исходящие дальше не наблюдаются; роль получателя не доказана."
100000004800452100,peripheral,0.2,10,0.34019,"Граница 4-го колена: вход 6,545 KZT, исходящие дальше не наблюдаются; роль получателя не доказана."
100000004800648100,peripheral,0.2,7,0.474754,"Граница 4-го колена: вход 131,000 KZT, исходящие дальше не наблюдаются; роль получателя не доказана."
100000004806903100,terminal,0.58767,2,0.504197,"Нет наблюдаемых исходящих; вход от 1 плательщиков на 18,000 KZT. Вне выборки потоки неизвестны."
100000004813068100,peripheral,0.2,21,0.14332,"Недостаточно признаков роли: входящих связей 0, исходящих 3, глубина 0."
100000004816564100,peripheral,0.2,3,0.555542,"Недостаточно признаков роли: входящих связей 1, исходящих 1, глубина 2."
100000004820260100,transit,0.739026,3,0.639086,"Признаки транзита: вход 234,200, выход 215,350 KZT; наблюдаемое отношение 0.92."
100000004825069100,terminal,0.646328,22,0.241401,"Нет наблюдаемых исходящих; вход от 1 плательщиков на 30,000 KZT. Вне выборки потоки неизвестны."
100000004840086100,peripheral,0.2,0,0.485719,"Граница 4-го колена: вход 100,000 KZT, исходящие дальше не наблюдаются; роль получателя не доказана."
100000004841728100,terminal,0.70544,22,0.279635,"Нет наблюдаемых исходящих; вход от 1 плательщиков на 52,208 KZT. Вне выборки потоки неизвестны."
100000004847758100,coordinator,0.871598,2,0.706922,"Признаки координации: доступен от 7 seed, связей между кластерами 5; посредничество 0.0007."
100000004848236100,peripheral,0.2,0,0.300537,"Граница 4-го колена: вход 7,500 KZT, исходящие дальше не наблюдаются; роль получателя не доказана."
100000004850609100,peripheral,0.2,0,0.313801,"Граница 4-го колена: вход 10,000 KZT, исходящие дальше не наблюдаются; роль получателя не доказана."
100000004856746100,peripheral,0.2,62,0.339326,"Граница 4-го колена: вход 20,000 KZT, исходящие дальше не наблюдаются; роль получателя не доказана."
100000004877085100,peripheral,0.2,12,0.504876,"Недостаточно признаков роли: входящих связей 1, исходящих 3, глубина 3."
100000004889043100,terminal,0.836174,0,0.576175,"Нет наблюдаемых исходящих; вход от 2 плательщиков на 272,000 KZT. Вне выборки потоки неизвестны."
100000004890713100,peripheral,0.2,18,0.38789,"Граница 4-го колена: вход 40,485 KZT, исходящие дальше не наблюдаются; роль получателя не доказана."
100000004891562100,peripheral,0.2,47,0.345151,"Граница 4-го колена: вход 103,400 KZT, исходящие дальше не наблюдаются; роль получателя не доказана."
100000004892144100,peripheral,0.2,21,0.599797,"Недостаточно признаков роли: входящих связей 2, исходящих 1, глубина 3."
100000004904960100,terminal,0.654488,0,0.647835,"Нет наблюдаемых исходящих; вход от 2 плательщиков на 32,000 KZT. Вне выборки потоки неизвестны."
100000004905207100,terminal,0.855032,40,0.672911,"Нет наблюдаемых исходящих; вход от 1 плательщиков на 380,000 KZT. Вне выборки потоки неизвестны."
100000004906181100,peripheral,0.2,20,0.630229,"Недостаточно признаков роли: входящих связей 1, исходящих 7, глубина 3."
100000004908173100,peripheral,0.2,4,0.451318,"Граница 4-го колена: вход 21,000 KZT, исходящие дальше не наблюдаются; роль получателя не доказана."
100000004911971100,peripheral,0.2,20,0.353594,"Граница 4-го колена: вход 35,000 KZT, исходящие дальше не наблюдаются; роль получателя не доказана."
100000004917367100,terminal,0.776337,10,0.531526,"Нет наблюдаемых исходящих; вход от 2 плательщиков на 120,000 KZT. Вне выборки потоки неизвестны."
100000004921657100,peripheral,0.2,2,0.449559,"Недостаточно признаков роли: входящих связей 1, исходящих 1, глубина 3."
100000004931931100,peripheral,0.2,0,0.372078,"Недостаточно признаков роли: входящих связей 1, исходящих 1, глубина 3."
100000004948177100,consolidator,0.62,16,0.64549,"Признаки консолидации: 3 плательщиков, вход 437,163 KZT; исходящие 0 KZT."
100000004950490100,terminal,0.539166,1,0.200536,"Нет наблюдаемых исходящих; вход от 1 плательщиков на 10,000 KZT. Вне выборки потоки неизвестны."
100000004959752100,terminal,0.610154,2,0.538857,"Нет наблюдаемых исходящих; вход от 1 плательщиков на 22,200 KZT. Вне выборки потоки неизвестны."
100000004962193100,consolidator,0.82,0,0.691473,"Признаки консолидации: 8 плательщиков, вход 900,468 KZT; исходящие 0 KZT."
100000004970752100,terminal,0.539166,0,0.356195,"Нет наблюдаемых исходящих; вход от 1 плательщиков на 10,000 KZT. Вне выборки потоки неизвестны."
100000004971871100,peripheral,0.2,52,0.252554,"Недостаточно признаков роли: входящих связей 1, исходящих 1, глубина 0."
100000004975919100,peripheral,0.2,8,0.4343,"Недостаточно признаков роли: входящих связей 1, исходящих 2, глубина 3."
100000004976946100,peripheral,0.2,65,0.499881,"Граница 4-го колена: вход 246,000 KZT, исходящие дальше не наблюдаются; роль получателя не доказана."
100000004979264100,peripheral,0.2,4,0.508636,"Граница 4-го колена: вход 39,800 KZT, исходящие дальше не наблюдаются; роль получателя не доказана."
100000004979283100,terminal,0.674071,18,0.387263,"Нет наблюдаемых исходящих; вход от 1 плательщиков на 40,132 KZT. Вне выборки потоки неизвестны."
100000004979498100,peripheral,0.2,58,0.453409,"Недостаточно признаков роли: входящих связей 1, исходящих 1, глубина 2."
100000004981068100,peripheral,0.2,8,0.331951,"Граница 4-го колена: вход 10,000 KZT, исходящие дальше не наблюдаются; роль получателя не доказана."
100000004984689100,terminal,0.707616,8,0.402001,"Нет наблюдаемых исходящих; вход от 1 плательщиков на 53,030 KZT. Вне выборки потоки неизвестны."
100000004988240100,peripheral,0.2,0,0.380785,"Граница 4-го колена: вход 20,000 KZT, исходящие дальше не наблюдаются; роль получателя не доказана."
100000004991593100,peripheral,0.2,8,0.417221,"Граница 4-го колена: вход 45,000 KZT, исходящие дальше не наблюдаются; роль получателя не доказана."
100000004991812100,terminal,0.539166,29,0.326212,"Нет наблюдаемых исходящих; вход от 1 плательщиков на 10,000 KZT. Вне выборки потоки неизвестны."
100000004993576100,terminal,0.800272,3,0.487446,"Нет наблюдаемых исходящих; вход от 1 плательщиков на 167,000 KZT. Вне выборки потоки неизвестны."
100000004997515100,consolidator,0.66,4,0.856381,"Признаки консолидации: 4 плательщиков, вход 395,000 KZT; исходящие 54,500 KZT."
100000005008589100,terminal,0.678241,0,0.392894,"Нет наблюдаемых исходящих; вход от 1 плательщиков на 42,807 KZT. Вне выборки потоки неизвестны."
100000005010159100,peripheral,0.2,8,0.34261,"Граница 4-го колена: вход 7,092 KZT, исходящие дальше не наблюдаются; роль получателя не доказана."
100000005017150100,peripheral,0.0,75,0.0,"Недостаточно признаков роли: входящих связей 0, исходящих 0, глубина 0."
100000005022552100,peripheral,0.2,16,0.509344,"Недостаточно признаков роли: входящих связей 1, исходящих 1, глубина 3."
100000005022964100,terminal,0.598368,2,0.486284,"Нет наблюдаемых исходящих; вход от 1 плательщиков на 20,000 KZT. Вне выборки потоки неизвестны."
100000005025629100,peripheral,0.2,10,0.297417,"Граница 4-го колена: вход 5,227 KZT, исходящие дальше не наблюдаются; роль получателя не доказана."
100000005030592100,terminal,0.539166,3,0.275879,"Нет наблюдаемых исходящих; вход от 1 плательщиков на 10,000 KZT. Вне выборки потоки неизвестны."
100000005031696100,peripheral,0.2,48,0.589755,"Недостаточно признаков роли: входящих связей 1, исходящих 2, глубина 2."
100000005032294100,terminal,0.539166,40,0.424336,"Нет наблюдаемых исходящих; вход от 1 плательщиков на 10,000 KZT. Вне выборки потоки неизвестны."
100000005034574100,terminal,0.833092,73,0.398919,"Нет наблюдаемых исходящих; вход от 1 плательщиков на 258,816 KZT. Вне выборки потоки неизвестны."
100000005037490100,peripheral,0.2,12,0.405421,"Недостаточно признаков роли: входящих связей 1, исходящих 2, глубина 3."
100000005041147100,peripheral,0.2,0,0.345785,"Граница 4-го колена: вход 10,000 KZT, исходящие дальше не наблюдаются; роль получателя не доказана."
100000005041905100,peripheral,0.2,22,0.124483,"Недостаточно признаков роли: входящих связей 1, исходящих 1, глубина 3."
100000005042822100,peripheral,0.2,36,0.557624,"Граница 4-го колена: вход 1,000,000 KZT, исходящие дальше не наблюдаются; роль получателя не доказана."
100000005048668100,coordinator,0.869231,8,0.536864,"Признаки координации: доступен от 7 seed, связей между кластерами 5; посредничество 0.0006."
100000005049404100,peripheral,0.2,10,0.449867,"Граница 4-го колена: вход 98,000 KZT, исходящие дальше не наблюдаются; роль получателя не доказана."
100000005052998100,peripheral,0.2,0,0.261419,"Недостаточно признаков роли: входящих связей 1, исходящих 1, глубина 3."
100000005053653100,peripheral,0.2,12,0.555075,"Недостаточно признаков роли: входящих связей 2, исходящих 1, глубина 2."
100000005055454100,terminal,0.518676,27,0.208015,"Нет наблюдаемых исходящих; вход от 1 плательщиков на 6,500 KZT. Вне выборки потоки неизвестны."
100000005056870100,terminal,0.598368,55,0.221812,"Нет наблюдаемых исходящих; вход от 1 плательщиков на 20,000 KZT. Вне выборки потоки неизвестны."
100000005059998100,terminal,0.58767,0,0.326412,"Нет наблюдаемых исходящих; вход от 1 плательщиков на 18,000 KZT. Вне выборки потоки неизвестны."
100000005061890100,terminal,0.749048,2,0.477273,"Нет наблюдаемых исходящих; вход от 1 плательщиков на 90,000 KZT. Вне выборки потоки неизвестны."
100000005074393100,consolidator,0.66,12,0.935178,"Признаки консолидации: 4 плательщиков, вход 563,026 KZT; исходящие 685,500 KZT."
100000005075949100,peripheral,0.2,57,0.580599,"Граница 4-го колена: вход 2,226,000 KZT, исходящие дальше не наблюдаются; роль получателя не доказана."
100000005077484100,peripheral,0.2,27,0.41582,"Недостаточно признаков роли: входящих связей 1, исходящих 2, глубина 2."
100000005079473100,peripheral,0.2,8,0.402114,"Граница 4-го колена: вход 39,312 KZT, исходящие дальше не наблюдаются; роль получателя не доказана."
100000005079754100,peripheral,0.2,2,0.683624,"Недостаточно признаков роли: входящих связей 1, исходящих 2, глубина 1."
100000005082652100,terminal,0.646328,1,0.281125,"Нет наблюдаемых исходящих; вход от 1 плательщиков на 30,000 KZT. Вне выборки потоки неизвестны."
100000005087431100,peripheral,0.0,76,0.0,"Недостаточно признаков роли: входящих связей 0, исходящих 0, глубина 0."
100000005087923100,peripheral,0.2,41,0.254664,"Граница 4-го колена: вход 20,000 KZT, исходящие дальше не наблюдаются; роль получателя не доказана."
100000005089460100,terminal,0.553853,22,0.158337,"Нет наблюдаемых исходящих; вход от 1 плательщиков на 12,300 KZT. Вне выборки потоки неизвестны."
100000005092518100,terminal,0.63155,22,0.220888,"Нет наблюдаемых исходящих; вход от 1 плательщиков на 26,144 KZT. Вне выборки потоки неизвестны."
100000005093521100,terminal,0.570444,2,0.422791,"Нет наблюдаемых исходящих; вход от 1 плательщиков на 15,200 KZT. Вне выборки потоки неизвестны."
100000005100475100,terminal,0.672439,41,0.285789,"Нет наблюдаемых исходящих; вход от 1 плательщиков на 40,000 KZT. Вне выборки потоки неизвестны."
100000005105153100,terminal,0.646328,0,0.401863,"Нет наблюдаемых исходящих; вход от 1 плательщиков на 30,000 KZT. Вне выборки потоки неизвестны."
100000005124479100,peripheral,0.2,0,0.754564,"Недостаточно признаков роли: входящих связей 2, исходящих 2, глубина 1."
100000005127767100,terminal,0.521306,19,0.325214,"Нет наблюдаемых исходящих; вход от 1 плательщиков на 7,000 KZT. Вне выборки потоки неизвестны."
100000005133757100,terminal,0.723481,8,0.635529,"Нет наблюдаемых исходящих; вход от 2 плательщиков на 65,000 KZT. Вне выборки потоки неизвестны."
100000005140601100,consolidator,0.62,8,0.611412,"Признаки консолидации: 3 плательщиков, вход 52,685 KZT; исходящие 195,300 KZT."
100000005142492100,peripheral,0.2,41,0.3626,"Недостаточно признаков роли: входящих связей 1, исходящих 1, глубина 3."
100000005142589100,terminal,0.698187,0,0.411099,"Нет наблюдаемых исходящих; вход от 1 плательщиков на 50,000 KZT. Вне выборки потоки неизвестны."
100000005146665100,peripheral,0.2,44,0.251401,"Граница 4-го колена: вход 5,500 KZT, исходящие дальше не наблюдаются; роль получателя не доказана."
100000005168487100,peripheral,0.2,11,0.470483,"Недостаточно признаков роли: входящих связей 1, исходящих 1, глубина 2."
100000005171642100,transit,0.862113,41,0.556522,"Признаки транзита: вход 696,800, выход 683,600 KZT; наблюдаемое отношение 0.98."
100000005172860100,terminal,0.570716,0,0.306474,"Нет наблюдаемых исходящих; вход от 1 плательщиков на 15,209 KZT. Вне выборки потоки неизвестны."
100000005175148100,peripheral,0.2,3,0.571457,"Недостаточно признаков роли: входящих связей 2, исходящих 1, глубина 2."
100000005182219100,terminal,0.711423,10,0.526097,"Нет наблюдаемых исходящих; вход от 2 плательщиков на 55,000 KZT. Вне выборки потоки неизвестны."
100000005183943100,terminal,0.88078,23,0.444961,"Нет наблюдаемых исходящих; вход от 1 плательщиков на 680,900 KZT. Вне выборки потоки неизвестны."
100000005186109100,terminal,0.505168,3,0.331387,"Нет наблюдаемых исходящих; вход от 1 плательщиков на 5,000 KZT. Вне выборки потоки неизвестны."
100000005186131100,transit,0.9,0,0.302565,"Признаки транзита: вход 10,000, выход 10,000 KZT; наблюдаемое отношение 1.00."
100000005187208100,terminal,0.562194,10,0.327393,"Нет наблюдаемых исходящих; вход от 1 плательщиков на 14,160 KZT. Вне выборки потоки неизвестны."
100000005189258100,peripheral,0.2,10,0.415458,"Граница 4-го колена: вход 50,000 KZT, исходящие дальше не наблюдаются; роль получателя не доказана."
100000005198498100,terminal,0.640526,22,0.223406,"Нет наблюдаемых исходящих; вход от 1 плательщиков на 28,800 KZT. Вне выборки потоки неизвестны."
100000005198906100,peripheral,0.2,10,0.50337,"Недостаточно признаков роли: входящих связей 1, исходящих 1, глубина 3."
100000005203590100,terminal,0.749048,41,0.315342,"Нет наблюдаемых исходящих; вход от 1 плательщиков на 90,000 KZT. Вне выборки потоки неизвестны."
100000005205745100,terminal,0.516228,41,0.298887,"Нет наблюдаемых исходящих; вход от 1 плательщиков на 6,000 KZT. Вне выборки потоки неизвестны."
100000005209352100,peripheral,0.2,0,0.314906,"Граница 4-го колена: вход 5,000 KZT, исходящие дальше не наблюдаются; роль получателя не доказана."
100000005222360100,peripheral,0.2,40,0.471194,"Недостаточно признаков роли: входящих связей 1, исходящих 1, глубина 3."
100000005226217100,peripheral,0.2,4,0.47196,"Граница 4-го колена: вход 17,500 KZT, исходящие дальше не наблюдаются; роль получателя не доказана."
100000005228059100,terminal,0.630644,22,0.220165,"Нет наблюдаемых исходящих; вход от 1 плательщиков на 26,000 KZT. Вне выборки потоки неизвестны."
100000005233755100,peripheral,0.2,28,0.37611,"Недостаточно признаков роли: входящих связей 1, исходящих 1, глубина 3."
100000005235389100,peripheral,0.0,77,0.0,"Недостаточно признаков роли: входящих связей 0, исходящих 0, глубина 0."
100000005237935150,terminal,0.659202,24,0.252694,"Нет наблюдаемых исходящих; вход от 1 плательщиков на 34,508 KZT. Вне выборки потоки неизвестны."
100000005241556100,terminal,0.760925,35,0.578082,"Нет наблюдаемых исходящих; вход от 1 плательщиков на 100,000 KZT. Вне выборки потоки неизвестны."
100000005242320100,distributor,0.78,24,0.681039,"Признаки распределения: 21 получателей, 29 переводов, исходящие 8,936,295 KZT."
100000005264874100,peripheral,0.2,26,0.319628,"Недостаточно признаков роли: входящих связей 1, исходящих 2, глубина 3."
100000005264990100,peripheral,0.2,49,0.495972,"Недостаточно признаков роли: входящих связей 1, исходящих 2, глубина 0."
100000005265073100,peripheral,0.2,49,0.42971,"Недостаточно признаков роли: входящих связей 1, исходящих 1, глубина 3."
100000005268319100,peripheral,0.2,0,0.494741,"Недостаточно признаков роли: входящих связей 1, исходящих 5, глубина 3."
100000005272139100,peripheral,0.2,16,0.518714,"Граница 4-го колена: вход 165,000 KZT, исходящие дальше не наблюдаются; роль получателя не доказана."
100000005287097100,coordinator,0.879487,16,0.698939,"Признаки координации: доступен от 7 seed, связей между кластерами 2; посредничество 0.0014."
100000005293969100,peripheral,0.2,0,0.327594,"Граница 4-го колена: вход 5,467 KZT, исходящие дальше не наблюдаются; роль получателя не доказана."
100000005308954100,peripheral,0.2,16,0.482068,"Недостаточно признаков роли: входящих связей 1, исходящих 1, глубина 3."
100000005314565100,terminal,0.821215,0,0.507609,"Нет наблюдаемых исходящих; вход от 1 плательщиков на 218,500 KZT. Вне выборки потоки неизвестны."
100000005316708100,peripheral,0.2,24,0.340668,"Недостаточно признаков роли: входящих связей 1, исходящих 2, глубина 1."
100000005317181100,peripheral,0.2,0,0.510905,"Недостаточно признаков роли: входящих связей 1, исходящих 1, глубина 3."
100000005326681100,terminal,0.652493,3,0.366037,"Нет наблюдаемых исходящих; вход от 1 плательщиков на 31,228 KZT. Вне выборки потоки неизвестны."
100000005328215100,terminal,0.636718,11,0.238997,"Нет наблюдаемых исходящих; вход от 1 плательщиков на 27,000 KZT. Вне выборки потоки неизвестны."
100000005339662100,consolidator,0.66,3,0.775319,"Признаки консолидации: 4 плательщиков, вход 202,939 KZT; исходящие 295,160 KZT."
100000005342513100,peripheral,0.2,22,0.417789,"Недостаточно признаков роли: входящих связей 1, исходящих 1, глубина 3."
100000005357034100,terminal,0.532094,0,0.261962,"Нет наблюдаемых исходящих; вход от 1 плательщиков на 9,754 KZT. Вне выборки потоки неизвестны."
100000005357705100,peripheral,0.2,8,0.582069,"Недостаточно признаков роли: входящих связей 1, исходящих 4, глубина 3."
100000005360814100,peripheral,0.2,8,0.493652,"Граница 4-го колена: вход 144,000 KZT, исходящие дальше не наблюдаются; роль получателя не доказана."
100000005362848100,terminal,0.641342,18,0.360757,"Нет наблюдаемых исходящих; вход от 1 плательщиков на 29,000 KZT. Вне выборки потоки неизвестны."
100000005363908100,transit,0.9,71,0.236249,"Признаки транзита: вход 19,500, выход 19,500 KZT; наблюдаемое отношение 1.00."
100000005367180100,peripheral,0.2,8,0.347209,"Граница 4-го колена: вход 7,700 KZT, исходящие дальше не наблюдаются; роль получателя не доказана."
100000005367284100,peripheral,0.2,0,0.398363,"Недостаточно признаков роли: входящих связей 1, исходящих 2, глубина 3."
100000005367445100,transit,0.9,4,0.453458,"Признаки транзита: вход 5,000, выход 5,000 KZT; наблюдаемое отношение 1.00."
100000005370558100,peripheral,0.2,0,0.279563,"Граница 4-го колена: вход 5,000 KZT, исходящие дальше не наблюдаются; роль получателя не доказана."
100000005370580100,peripheral,0.2,12,0.376963,"Недостаточно признаков роли: входящих связей 1, исходящих 0, глубина 0."
100000005375968100,peripheral,0.2,0,0.56719,"Недостаточно признаков роли: входящих связей 1, исходящих 2, глубина 3."
100000005382566100,consolidator,0.78,49,0.90672,"Признаки консолидации: 7 плательщиков, вход 393,066 KZT; исходящие 50,000 KZT."
100000005386383100,peripheral,0.2,49,0.597868,"Недостаточно признаков роли: входящих связей 2, исходящих 1, глубина 0."
100000005392290100,peripheral,0.2,68,0.047066,"Недостаточно признаков роли: входящих связей 0, исходящих 1, глубина 0."
100000005394708100,peripheral,0.2,49,0.261535,"Недостаточно признаков роли: входящих связей 1, исходящих 1, глубина 1."
100000005395727100,peripheral,0.2,3,0.355726,"Недостаточно признаков роли: входящих связей 1, исходящих 0, глубина 0."
100000005402643100,peripheral,0.2,4,0.327316,"Недостаточно признаков роли: входящих связей 1, исходящих 1, глубина 2."
100000005409156100,terminal,0.833454,10,0.611308,"Нет наблюдаемых исходящих; вход от 2 плательщиков на 260,080 KZT. Вне выборки потоки неизвестны."
100000005409680100,peripheral,0.2,43,0.665194,"Недостаточно признаков роли: входящих связей 2, исходящих 0, глубина 0."
100000005413948100,peripheral,0.2,4,0.664426,"Недостаточно признаков роли: входящих связей 2, исходящих 1, глубина 2."
100000005417257100,peripheral,0.2,49,0.112916,"Недостаточно признаков роли: входящих связей 0, исходящих 2, глубина 0."
100000005432267100,terminal,0.851043,2,0.739321,"Нет наблюдаемых исходящих; вход от 2 плательщиков на 350,001 KZT. Вне выборки потоки неизвестны."
100000005454368100,peripheral,0.2,12,0.520409,"Недостаточно признаков роли: входящих связей 2, исходящих 0, глубина 0."
100000005456919100,peripheral,0.2,9,0.535714,"Недостаточно признаков роли: входящих связей 2, исходящих 1, глубина 1."
100000005473151100,consolidator,0.62,18,0.906368,"Признаки консолидации: 3 плательщиков, вход 1,220,000 KZT; исходящие 225,000 KZT."
100000005474472100,terminal,0.760925,21,0.365159,"Нет наблюдаемых исходящих; вход от 1 плательщиков на 100,000 KZT. Вне выборки потоки неизвестны."
100000005475379100,peripheral,0.2,11,0.727463,"Недостаточно признаков роли: входящих связей 1, исходящих 3, глубина 3."
100000005480435100,peripheral,0.0,78,0.0,"Недостаточно признаков роли: входящих связей 0, исходящих 0, глубина 0."
100000005481280100,peripheral,0.2,3,0.52019,"Недостаточно признаков роли: входящих связей 1, исходящих 3, глубина 2."
100000005485830100,peripheral,0.2,55,0.166807,"Недостаточно признаков роли: входящих связей 0, исходящих 5, глубина 0."
100000005493505100,consolidator,0.62,12,0.710946,"Признаки консолидации: 3 плательщиков, вход 62,020 KZT; исходящие 0 KZT."
100000005495211100,peripheral,0.2,0,0.365213,"Граница 4-го колена: вход 14,500 KZT, исходящие дальше не наблюдаются; роль получателя не доказана."
100000005495722100,peripheral,0.0,79,0.0,"Недостаточно признаков роли: входящих связей 0, исходящих 0, глубина 0."
100000005496254100,terminal,0.555304,0,0.281939,"Нет наблюдаемых исходящих; вход от 1 плательщиков на 12,700 KZT. Вне выборки потоки неизвестны."
100000005497148100,peripheral,0.2,10,0.390966,"Граница 4-го колена: вход 24,000 KZT, исходящие дальше не наблюдаются; роль получателя не доказана."
100000005498992100,distributor,0.713333,4,0.190438,"Признаки распределения: 16 получателей, 19 переводов, исходящие 2,262,868 KZT."
100000005505655100,peripheral,0.2,13,0.612785,"Недостаточно признаков роли: входящих связей 2, исходящих 1, глубина 1."
100000005507142100,consolidator,0.62,26,0.505572,"Признаки консолидации: 3 плательщиков, вход 51,000 KZT; исходящие 100,000 KZT."
100000005514161100,consolidator,0.66,24,0.859117,"Признаки консолидации: 4 плательщиков, вход 401,500 KZT; исходящие 50,000 KZT."
100000005519347100,peripheral,0.2,16,0.675038,"Недостаточно признаков роли: входящих связей 2, исходящих 1, глубина 0."
100000005519998100,transit,0.834066,62,0.722814,"Признаки транзита: вход 182,000, выход 188,000 KZT; наблюдаемое отношение 1.03."
100000005523088100,peripheral,0.2,49,0.716076,"Недостаточно признаков роли: входящих связей 1, исходящих 0, глубина 0."
100000005527892100,coordinator,0.864497,35,0.824578,"Признаки координации: доступен от 8 seed, связей между кластерами 5; посредничество 0.0005."
100000005530114100,peripheral,0.2,28,0.589869,"Недостаточно признаков роли: входящих связей 2, исходящих 1, глубина 3."
100000005532138100,terminal,0.628015,1,0.347535,"Нет наблюдаемых исходящих; вход от 1 плательщиков на 25,046 KZT. Вне выборки потоки неизвестны."
100000005539201100,peripheral,0.2,16,0.457891,"Недостаточно признаков роли: входящих связей 1, исходящих 1, глубина 1."
100000005539910100,peripheral,0.2,2,0.719252,"Недостаточно признаков роли: входящих связей 1, исходящих 2, глубина 2."
100000005543136100,peripheral,0.2,12,0.047066,"Недостаточно признаков роли: входящих связей 0, исходящих 1, глубина 0."
100000005546031100,consolidator,0.62,71,0.457783,"Признаки консолидации: 3 плательщиков, вход 66,800 KZT; исходящие 8,000 KZT."
100000005547096100,peripheral,0.2,71,0.260734,"Недостаточно признаков роли: входящих связей 1, исходящих 2, глубина 2."
100000005550592100,peripheral,0.0,80,0.0,"Недостаточно признаков роли: входящих связей 0, исходящих 0, глубина 0."
100000005553088100,peripheral,0.2,8,0.320263,"Граница 4-го колена: вход 17,500 KZT, исходящие дальше не наблюдаются; роль получателя не доказана."
100000005560900100,peripheral,0.0,81,0.0,"Недостаточно признаков роли: входящих связей 0, исходящих 0, глубина 0."
100000005561741100,terminal,0.625023,18,0.487709,"Нет наблюдаемых исходящих; вход от 1 плательщиков на 25,000 KZT. Вне выборки потоки неизвестны."
100000005567828100,peripheral,0.2,18,0.452567,"Граница 4-го колена: вход 94,000 KZT, исходящие дальше не наблюдаются; роль получателя не доказана."
100000005568407100,peripheral,0.0,82,0.0,"Недостаточно признаков роли: входящих связей 0, исходящих 0, глубина 0."
100000005572303100,peripheral,0.2,16,0.512157,"Недостаточно признаков роли: входящих связей 1, исходящих 1, глубина 2."
100000005578559100,distributor,0.78,18,0.730815,"Признаки распределения: 21 получателей, 23 переводов, исходящие 893,164 KZT."
100000005584222100,peripheral,0.2,0,0.694886,"Недостаточно признаков роли: входящих связей 2, исходящих 2, глубина 1."
100000005588444100,terminal,0.553853,1,0.154733,"Нет наблюдаемых исходящих; вход от 1 плательщиков на 12,300 KZT. Вне выборки потоки неизвестны."
100000005589319100,peripheral,0.2,2,0.368662,"Граница 4-го колена: вход 26,000 KZT, исходящие дальше не наблюдаются; роль получателя не доказана."
100000005602999100,peripheral,0.2,53,0.492028,"Недостаточно признаков роли: входящих связей 1, исходящих 2, глубина 2."
100000005608515100,terminal,0.721668,1,0.282839,"Нет наблюдаемых исходящих; вход от 1 плательщиков на 64,000 KZT. Вне выборки потоки неизвестны."
100000005610717100,consolidator,0.66,0,0.681107,"Признаки консолидации: 4 плательщиков, вход 484,500 KZT; исходящие 265,200 KZT."
100000005612411100,consolidator,0.62,2,0.786532,"Признаки консолидации: 3 плательщиков, вход 115,500 KZT; исходящие 506,997 KZT."
100000005614315100,terminal,0.864823,16,0.554704,"Нет наблюдаемых исходящих; вход от 1 плательщиков на 455,000 KZT. Вне выборки потоки неизвестны."
100000005616568100,peripheral,0.2,10,0.546612,"Граница 4-го колена: вход 530,000 KZT, исходящие дальше не наблюдаются; роль получателя не доказана."
100000005619339100,transit,0.72296,16,0.297579,"Признаки транзита: вход 5,000, выход 5,443 KZT; наблюдаемое отношение 1.09."
100000005620225100,terminal,0.69456,0,0.484641,"Нет наблюдаемых исходящих; вход от 2 плательщиков на 49,846 KZT. Вне выборки потоки неизвестны."
100000005621418100,peripheral,0.2,14,0.377041,"Граница 4-го колена: вход 30,000 KZT, исходящие дальше не наблюдаются; роль получателя не доказана."
100000005628518100,terminal,0.737897,43,0.469636,"Нет наблюдаемых исходящих; вход от 1 плательщиков на 77,000 KZT. Вне выборки потоки неизвестны."
100000005634552100,peripheral,0.2,0,0.459548,"Недостаточно признаков роли: входящих связей 1, исходящих 3, глубина 1."
100000005636951100,peripheral,0.2,41,0.315682,"Граница 4-го колена: вход 40,000 KZT, исходящие дальше не наблюдаются; роль получателя не доказана."
100000005660203100,peripheral,0.2,16,0.661908,"Недостаточно признаков роли: входящих связей 1, исходящих 2, глубина 2."
100000005661528100,terminal,0.625023,8,0.338414,"Нет наблюдаемых исходящих; вход от 1 плательщиков на 25,000 KZT. Вне выборки потоки неизвестны."
100000005661829100,transit,0.763879,43,0.400199,"Признаки транзита: вход 37,790, выход 40,362 KZT; наблюдаемое отношение 1.07."
100000005664632100,terminal,0.812965,74,0.629215,"Нет наблюдаемых исходящих; вход от 1 плательщиков на 198,620 KZT. Вне выборки потоки неизвестны."
100000005664922100,peripheral,0.2,21,0.370312,"Недостаточно признаков роли: входящих связей 2, исходящих 3, глубина 2."
100000005665181100,distributor,0.646667,10,0.670608,"Признаки распределения: 11 получателей, 11 переводов, исходящие 181,915 KZT."
100000005667841100,terminal,0.807706,4,0.662534,"Нет наблюдаемых исходящих; вход от 2 плательщиков на 186,000 KZT. Вне выборки потоки неизвестны."
100000005668605100,consolidator,0.62,49,0.727044,"Признаки консолидации: 3 плательщиков, вход 94,500 KZT; исходящие 0 KZT."
100000005669845100,terminal,0.598368,27,0.232311,"Нет наблюдаемых исходящих; вход от 1 плательщиков на 20,000 KZT. Вне выборки потоки неизвестны."
100000005674387100,terminal,0.633726,22,0.217799,"Нет наблюдаемых исходящих; вход от 1 плательщиков на 26,200 KZT. Вне выборки потоки неизвестны."
100000005685783100,peripheral,0.2,22,0.28195,"Граница 4-го колена: вход 26,150 KZT, исходящие дальше не наблюдаются; роль получателя не доказана."
100000005704413100,coordinator,0.899211,18,0.754248,"Признаки координации: доступен от 7 seed, связей между кластерами 4; посредничество 0.0059."
100000005709551100,terminal,0.621306,12,0.345032,"Нет наблюдаемых исходящих; вход от 1 плательщиков на 24,560 KZT. Вне выборки потоки неизвестны."
100000005711521100,peripheral,0.2,12,0.526065,"Граница 4-го колена: вход 238,000 KZT, исходящие дальше не наблюдаются; роль получателя не доказана."
100000005723580100,peripheral,0.2,4,0.492442,"Граница 4-го колена: вход 35,000 KZT, исходящие дальше не наблюдаются; роль получателя не доказана."
100000005730108100,terminal,0.525567,0,0.320115,"Нет наблюдаемых исходящих; вход от 1 плательщиков на 8,000 KZT. Вне выборки потоки неизвестны."
100000005744674100,peripheral,0.2,49,0.047066,"Недостаточно признаков роли: входящих связей 0, исходящих 1, глубина 0."
100000005745873100,peripheral,0.2,65,0.493403,"Граница 4-го колена: вход 223,000 KZT, исходящие дальше не наблюдаются; роль получателя не доказана."
100000005754335100,terminal,0.67951,66,0.422958,"Нет наблюдаемых исходящих; вход от 1 плательщиков на 44,037 KZT. Вне выборки потоки неизвестны."
100000005756189100,peripheral,0.2,10,0.422522,"Недостаточно признаков роли: входящих связей 1, исходящих 1, глубина 3."
100000005756535100,terminal,0.598368,22,0.263383,"Нет наблюдаемых исходящих; вход от 1 плательщиков на 20,000 KZT. Вне выборки потоки неизвестны."
100000005767403100,peripheral,0.2,62,0.579697,"Граница 4-го колена: вход 1,100,000 KZT, исходящие дальше не наблюдаются; роль получателя не доказана."
100000005778283100,consolidator,0.62,1,0.770231,"Признаки консолидации: 3 плательщиков, вход 615,760 KZT; исходящие 0 KZT."
100000005782781100,distributor,0.633333,1,0.751727,"Признаки распределения: 10 получателей, 10 переводов, исходящие 1,263,597 KZT."
100000005782886100,peripheral,0.2,4,0.455376,"Граница 4-го колена: вход 14,000 KZT, исходящие дальше не наблюдаются; роль получателя не доказана."
100000005783452100,peripheral,0.2,24,0.684776,"Граница 4-го колена: вход 286,500 KZT, исходящие дальше не наблюдаются; роль получателя не доказана."
100000005799271100,terminal,0.682502,11,0.52671,"Нет наблюдаемых исходящих; вход от 1 плательщиков на 45,000 KZT. Вне выборки потоки неизвестны."
100000005807278100,terminal,0.526836,55,0.160535,"Нет наблюдаемых исходящих; вход от 1 плательщиков на 8,385 KZT. Вне выборки потоки неизвестны."
100000005809252100,terminal,0.625023,10,0.404428,"Нет наблюдаемых исходящих; вход от 1 плательщиков на 25,000 KZT. Вне выборки потоки неизвестны."
100000005815602100,peripheral,0.2,16,0.42244,"Недостаточно признаков роли: входящих связей 1, исходящих 1, глубина 3."
100000005820746100,peripheral,0.2,21,0.461429,"Недостаточно признаков роли: входящих связей 1, исходящих 1, глубина 3."
100000005830339100,consolidator,0.7,2,0.660242,"Признаки консолидации: 5 плательщиков, вход 476,341 KZT; исходящие 339,251 KZT."
100000005834479100,peripheral,0.2,8,0.298353,"Недостаточно признаков роли: входящих связей 1, исходящих 2, глубина 2."
100000005844459100,terminal,0.829284,0,0.59629,"Нет наблюдаемых исходящих; вход от 2 плательщиков на 243,400 KZT. Вне выборки потоки неизвестны."
100000005847078100,terminal,0.576428,22,0.174559,"Нет наблюдаемых исходящих; вход от 1 плательщиков на 16,300 KZT. Вне выборки потоки неизвестны."
100000005849100100,terminal,0.656482,2,0.542846,"Нет наблюдаемых исходящих; вход от 1 плательщиков на 33,300 KZT. Вне выборки потоки неизвестны."
100000005849862100,peripheral,0.2,1,0.35967,"Граница 4-го колена: вход 13,000 KZT, исходящие дальше не наблюдаются; роль получателя не доказана."
100000005852946100,terminal,0.617498,2,0.459361,"Нет наблюдаемых исходящих; вход от 1 плательщиков на 23,746 KZT. Вне выборки потоки неизвестны."
100000005857058100,consolidator,0.62,0,0.565836,"Признаки консолидации: 3 плательщиков, вход 80,222 KZT; исходящие 0 KZT."
100000005873152100,transit,0.9,11,0.47714,"Признаки транзита: вход 10,000, выход 10,000 KZT; наблюдаемое отношение 1.00."
100000005877725100,terminal,0.72874,22,0.299669,"Нет наблюдаемых исходящих; вход от 1 плательщиков на 70,000 KZT. Вне выборки потоки неизвестны."
100000005878334100,peripheral,0.2,35,0.45826,"Граница 4-го колена: вход 76,400 KZT, исходящие дальше не наблюдаются; роль получателя не доказана."
100000005882013100,peripheral,0.2,12,0.714422,"Недостаточно признаков роли: входящих связей 2, исходящих 1, глубина 2."
100000005888829100,peripheral,0.2,4,0.573741,"Граница 4-го колена: вход 197,000 KZT, исходящие дальше не наблюдаются; роль получателя не доказана."
100000005893892100,terminal,0.765458,10,0.418357,"Нет наблюдаемых исходящих; вход от 1 плательщиков на 102,780 KZT. Вне выборки потоки неизвестны."
100000005895525100,terminal,0.776337,55,0.36029,"Нет наблюдаемых исходящих; вход от 1 плательщиков на 120,000 KZT. Вне выборки потоки неизвестны."
100000005897462100,terminal,0.757661,11,0.53009,"Нет наблюдаемых исходящих; вход от 1 плательщиков на 98,400 KZT. Вне выборки потоки неизвестны."
100000005901606100,terminal,0.663191,22,0.246113,"Нет наблюдаемых исходящих; вход от 1 плательщиков на 35,660 KZT. Вне выборки потоки неизвестны."
100000005904580100,terminal,0.732094,7,0.554497,"Нет наблюдаемых исходящих; вход от 2 плательщиков на 72,000 KZT. Вне выборки потоки неизвестны."
100000005910114100,coordinator,0.893688,0,0.780731,"Признаки координации: доступен от 7 seed, связей между кластерами 6; посредничество 0.0053."
100000005910895100,peripheral,0.2,53,0.425047,"Граница 4-го колена: вход 5,100 KZT, исходящие дальше не наблюдаются; роль получателя не доказана."
100000005911352100,peripheral,0.2,19,0.571024,"Недостаточно признаков роли: входящих связей 2, исходящих 3, глубина 2."
100000005931985100,terminal,0.736537,24,0.315663,"Нет наблюдаемых исходящих; вход от 1 плательщиков на 76,000 KZT. Вне выборки потоки неизвестны."
100000005932987100,terminal,0.625023,62,0.389481,"Нет наблюдаемых исходящих; вход от 1 плательщиков на 25,000 KZT. Вне выборки потоки неизвестны."
100000005933757100,coordinator,0.882643,40,0.840673,"Признаки координации: доступен от 7 seed, связей между кластерами 9; посредничество 0.0021."
100000005939154100,terminal,0.609157,16,0.335437,"Нет наблюдаемых исходящих; вход от 1 плательщиков на 22,000 KZT. Вне выборки потоки неизвестны."
100000005940652100,terminal,0.527108,51,0.393214,"Нет наблюдаемых исходящих; вход от 1 плательщиков на 8,395 KZT. Вне выборки потоки неизвестны."
100000005941908100,terminal,0.539166,40,0.445844,"Нет наблюдаемых исходящих; вход от 1 плательщиков на 10,000 KZT. Вне выборки потоки неизвестны."
100000005942793100,consolidator,0.66,0,0.544008,"Признаки консолидации: 4 плательщиков, вход 55,000 KZT; исходящие 0 KZT."
100000005958064100,peripheral,0.2,40,0.350049,"Недостаточно признаков роли: входящих связей 1, исходящих 2, глубина 1."
100000005961971100,terminal,0.689665,22,0.267907,"Нет наблюдаемых исходящих; вход от 1 плательщиков на 47,353 KZT. Вне выборки потоки неизвестны."
100000005974542100,terminal,0.753762,29,0.474748,"Нет наблюдаемых исходящих; вход от 1 плательщиков на 94,500 KZT. Вне выборки потоки неизвестны."
100000005979037100,peripheral,0.2,8,0.432377,"Граница 4-го колена: вход 60,300 KZT, исходящие дальше не наблюдаются; роль получателя не доказана."
100000005995391100,terminal,0.581414,22,0.178276,"Нет наблюдаемых исходящих; вход от 1 плательщиков на 17,200 KZT. Вне выборки потоки неизвестны."
100000005996909100,terminal,0.513418,3,0.299933,"Нет наблюдаемых исходящих; вход от 1 плательщиков на 5,500 KZT. Вне выборки потоки неизвестны."
100000006008169100,terminal,0.72874,7,0.295221,"Нет наблюдаемых исходящих; вход от 1 плательщиков на 70,000 KZT. Вне выборки потоки неизвестны."
100000006020215100,transit,0.646667,12,0.497383,"Признаки транзита: вход 30,000, выход 33,800 KZT; наблюдаемое отношение 1.13."
100000006030946100,terminal,0.733001,22,0.303489,"Нет наблюдаемых исходящих; вход от 1 плательщиков на 73,289 KZT. Вне выборки потоки неизвестны."
100000006048193100,terminal,0.676609,0,0.382844,"Нет наблюдаемых исходящих; вход от 1 плательщиков на 41,559 KZT. Вне выборки потоки неизвестны."
100000006069103100,transit,0.540046,5,0.743533,"Признаки транзита: вход 228,818, выход 270,000 KZT; наблюдаемое отношение 1.18."
100000006100920100,terminal,0.760925,0,0.459296,"Нет наблюдаемых исходящих; вход от 1 плательщиков на 100,000 KZT. Вне выборки потоки неизвестны."
100000006111439100,transit,0.566505,10,0.490951,"Признаки транзита: вход 20,570, выход 24,000 KZT; наблюдаемое отношение 1.17."
100000006111442100,terminal,0.721668,4,0.499988,"Нет наблюдаемых исходящих; вход от 1 плательщиков на 64,000 KZT. Вне выборки потоки неизвестны."
100000006122699100,terminal,0.684587,16,0.51711,"Нет наблюдаемых исходящих; вход от 2 плательщиков на 45,865 KZT. Вне выборки потоки неизвестны."
100000006126743100,terminal,0.711423,10,0.377779,"Нет наблюдаемых исходящих; вход от 1 плательщиков на 55,000 KZT. Вне выборки потоки неизвестны."
100000006161893100,terminal,0.560834,16,0.358483,"Нет наблюдаемых исходящих; вход от 1 плательщиков на 14,000 KZT. Вне выборки потоки неизвестны."
100000006165886100,peripheral,0.2,0,0.558132,"Недостаточно признаков роли: входящих связей 2, исходящих 1, глубина 3."
100000006169033100,peripheral,0.2,66,0.570647,"Недостаточно признаков роли: входящих связей 1, исходящих 3, глубина 3."
100000006171671100,peripheral,0.2,0,0.343472,"Граница 4-го колена: вход 10,000 KZT, исходящие дальше не наблюдаются; роль получателя не доказана."
100000006177176100,terminal,0.528649,16,0.261232,"Нет наблюдаемых исходящих; вход от 1 плательщиков на 8,911 KZT. Вне выборки потоки неизвестны."
100000006209210100,terminal,0.823844,1,0.506939,"Нет наблюдаемых исходящих; вход от 1 плательщиков на 229,111 KZT. Вне выборки потоки неизвестны."
100000006225798100,consolidator,0.62,28,0.726789,"Признаки консолидации: 3 плательщиков, вход 722,000 KZT; исходящие 26,300 KZT."
100000006232642100,peripheral,0.2,66,0.540696,"Граница 4-го колена: вход 456,000 KZT, исходящие дальше не наблюдаются; роль получателя не доказана."
100000006232815100,peripheral,0.2,27,0.436974,"Недостаточно признаков роли: входящих связей 1, исходящих 5, глубина 0."
100000006240939100,peripheral,0.2,41,0.443079,"Недостаточно признаков роли: входящих связей 1, исходящих 5, глубина 2."
100000006248077100,terminal,0.698187,16,0.391481,"Нет наблюдаемых исходящих; вход от 1 плательщиков на 50,000 KZT. Вне выборки потоки неизвестны."
100000006249740100,peripheral,0.2,83,0.14332,"Недостаточно признаков роли: входящих связей 0, исходящих 3, глубина 0."
100000006257675100,peripheral,0.2,32,0.450657,"Граница 4-го колена: вход 70,000 KZT, исходящие дальше не наблюдаются; роль получателя не доказана."
100000006274203100,peripheral,0.2,43,0.849663,"Недостаточно признаков роли: входящих связей 2, исходящих 3, глубина 3."
100000006288612100,peripheral,0.2,7,0.368531,"Граница 4-го колена: вход 30,805 KZT, исходящие дальше не наблюдаются; роль получателя не доказана."
100000006308406100,peripheral,0.2,32,0.51448,"Граница 4-го колена: вход 183,000 KZT, исходящие дальше не наблюдаются; роль получателя не доказана."
100000006326645100,terminal,0.628377,22,0.218259,"Нет наблюдаемых исходящих; вход от 1 плательщиков на 25,264 KZT. Вне выборки потоки неизвестны."
100000006351075100,peripheral,0.2,65,0.368004,"Граница 4-го колена: вход 40,000 KZT, исходящие дальше не наблюдаются; роль получателя не доказана."
100000006369769100,terminal,0.672439,22,0.254205,"Нет наблюдаемых исходящих; вход от 1 плательщиков на 40,000 KZT. Вне выборки потоки неизвестны."
100000006381453100,peripheral,0.2,4,0.531559,"Граница 4-го колена: вход 45,000 KZT, исходящие дальше не наблюдаются; роль получателя не доказана."
100000006385877100,peripheral,0.2,4,0.347872,"Недостаточно признаков роли: входящих связей 1, исходящих 1, глубина 2."
100000006412162100,peripheral,0.2,47,0.187586,"Граница 4-го колена: вход 15,000 KZT, исходящие дальше не наблюдаются; роль получателя не доказана."
100000006416061100,peripheral,0.2,0,0.404799,"Граница 4-го колена: вход 30,000 KZT, исходящие дальше не наблюдаются; роль получателя не доказана."
100000006424479100,peripheral,0.2,12,0.821152,"Недостаточно признаков роли: входящих связей 1, исходящих 2, глубина 2."
100000006443391100,consolidator,0.62,4,0.478552,"Признаки консолидации: 3 плательщиков, вход 86,776 KZT; исходящие 60,042 KZT."
100000006444163100,terminal,0.517226,0,0.303914,"Нет наблюдаемых исходящих; вход от 1 плательщиков на 6,026 KZT. Вне выборки потоки неизвестны."
100000006445501100,terminal,0.75068,11,0.523814,"Нет наблюдаемых исходящих; вход от 1 плательщиков на 91,000 KZT. Вне выборки потоки неизвестны."
100000006446271100,terminal,0.739529,2,0.658948,"Нет наблюдаемых исходящих; вход от 2 плательщиков на 80,000 KZT. Вне выборки потоки неизвестны."
100000006471232100,terminal,0.676972,22,0.252412,"Нет наблюдаемых исходящих; вход от 1 плательщиков на 41,800 KZT. Вне выборки потоки неизвестны."
100000006476758100,terminal,0.51097,11,0.415855,"Нет наблюдаемых исходящих; вход от 1 плательщиков на 5,200 KZT. Вне выборки потоки неизвестны."
100000006490557100,terminal,0.505168,1,0.123949,"Нет наблюдаемых исходящих; вход от 1 плательщиков на 5,000 KZT. Вне выборки потоки неизвестны."
100000006490615100,peripheral,0.2,12,0.420146,"Граница 4-го колена: вход 41,600 KZT, исходящие дальше не наблюдаются; роль получателя не доказана."
100000006491272100,terminal,0.633726,22,0.217799,"Нет наблюдаемых исходящих; вход от 1 плательщиков на 26,200 KZT. Вне выборки потоки неизвестны."
100000006491963100,peripheral,0.2,47,0.193875,"Граница 4-го колена: вход 16,000 KZT, исходящие дальше не наблюдаются; роль получателя не доказана."
100000006492770100,peripheral,0.2,0,0.524801,"Недостаточно признаков роли: входящих связей 1, исходящих 1, глубина 3."
100000006512787100,peripheral,0.2,0,0.380874,"Граница 4-го колена: вход 20,000 KZT, исходящие дальше не наблюдаются; роль получателя не доказана."
100000006518161100,transit,0.894281,16,0.775438,"Признаки транзита: вход 594,200, выход 595,899 KZT; наблюдаемое отношение 1.00."
100000006522972100,terminal,0.531732,10,0.30186,"Нет наблюдаемых исходящих; вход от 1 плательщиков на 9,515 KZT. Вне выборки потоки неизвестны."
100000006523053100,terminal,0.505168,2,0.453968,"Нет наблюдаемых исходящих; вход от 1 плательщиков на 5,000 KZT. Вне выборки потоки неизвестны."
100000006527156100,peripheral,0.2,57,0.391514,"Граница 4-го колена: вход 48,500 KZT, исходящие дальше не наблюдаются; роль получателя не доказана."
100000006530134100,terminal,0.789211,10,0.547713,"Нет наблюдаемых исходящих; вход от 2 плательщиков на 144,663 KZT. Вне выборки потоки неизвестны."
100000006532229100,terminal,0.766727,4,0.536023,"Нет наблюдаемых исходящих; вход от 1 плательщиков на 105,000 KZT. Вне выборки потоки неизвестны."
100000006534886100,peripheral,0.2,16,0.480418,"Недостаточно признаков роли: входящих связей 1, исходящих 1, глубина 2."
100000006557763100,terminal,0.539166,2,0.454576,"Нет наблюдаемых исходящих; вход от 1 плательщиков на 10,000 KZT. Вне выборки потоки неизвестны."
100000006562026100,terminal,0.734451,83,0.487566,"Нет наблюдаемых исходящих; вход от 2 плательщиков на 75,000 KZT. Вне выборки потоки неизвестны."
100000006564102100,terminal,0.825476,2,0.628251,"Нет наблюдаемых исходящих; вход от 1 плательщиков на 233,235 KZT. Вне выборки потоки неизвестны."
100000006567935100,terminal,0.815231,33,0.484429,"Нет наблюдаемых исходящих; вход от 1 плательщиков на 200,000 KZT. Вне выборки потоки неизвестны."
100000006573438100,terminal,0.505168,66,0.279207,"Нет наблюдаемых исходящих; вход от 1 плательщиков на 5,000 KZT. Вне выборки потоки неизвестны."
100000006579678100,peripheral,0.2,16,0.733801,"Недостаточно признаков роли: входящих связей 2, исходящих 6, глубина 1."
100000006595426100,terminal,0.743699,0,0.450976,"Нет наблюдаемых исходящих; вход от 1 плательщиков на 84,800 KZT. Вне выборки потоки неизвестны."
100000006612238100,peripheral,0.2,22,0.364174,"Недостаточно признаков роли: входящих связей 1, исходящих 1, глубина 2."
100000006638021100,peripheral,0.2,60,0.749393,"Граница 4-го колена: вход 388,500 KZT, исходящие дальше не наблюдаются; роль получателя не доказана."
100000006641671100,transit,0.627273,8,0.477783,"Признаки транзита: вход 22,000, выход 25,000 KZT; наблюдаемое отношение 1.14."
100000006656003100,peripheral,0.2,22,0.196078,"Недостаточно признаков роли: входящих связей 1, исходящих 1, глубина 1."
100000006658598100,terminal,0.529556,16,0.261843,"Нет наблюдаемых исходящих; вход от 1 плательщиков на 9,000 KZT. Вне выборки потоки неизвестны."
100000006664478100,transit,0.718182,41,0.371468,"Признаки транзита: вход 55,000, выход 60,000 KZT; наблюдаемое отношение 1.09."
100000006679055100,terminal,0.625023,2,0.469516,"Нет наблюдаемых исходящих; вход от 1 плательщиков на 25,000 KZT. Вне выборки потоки неизвестны."
100000006684930100,terminal,0.539166,12,0.428197,"Нет наблюдаемых исходящих; вход от 1 плательщиков на 10,000 KZT. Вне выборки потоки неизвестны."
100000006687202100,terminal,0.698187,0,0.393772,"Нет наблюдаемых исходящих; вход от 1 плательщиков на 50,000 KZT. Вне выборки потоки неизвестны."
100000006689603100,peripheral,0.2,8,0.512825,"Граница 4-го колена: вход 400,000 KZT, исходящие дальше не наблюдаются; роль получателя не доказана."
100000006693788100,peripheral,0.2,0,0.350194,"Граница 4-го колена: вход 10,764 KZT, исходящие дальше не наблюдаются; роль получателя не доказана."
100000006701983100,terminal,0.636718,22,0.220203,"Нет наблюдаемых исходящих; вход от 1 плательщиков на 27,000 KZT. Вне выборки потоки неизвестны."
100000006704530100,transit,0.800111,14,0.694981,"Признаки транзита: вход 450,500, выход 428,000 KZT; наблюдаемое отношение 0.95."
100000006706519100,peripheral,0.2,0,0.411336,"Граница 4-го колена: вход 36,000 KZT, исходящие дальше не наблюдаются; роль получателя не доказана."
100000006707582100,distributor,0.686667,11,0.564056,"Признаки распределения: 14 получателей, 15 переводов, исходящие 961,138 KZT."
100000006710485100,terminal,0.598368,22,0.191207,"Нет наблюдаемых исходящих; вход от 1 плательщиков на 20,000 KZT. Вне выборки потоки неизвестны."
100000006714366100,peripheral,0.2,12,0.34357,"Недостаточно признаков роли: входящих связей 1, исходящих 1, глубина 3."
100000006734214100,consolidator,0.7,10,0.776366,"Признаки консолидации: 5 плательщиков, вход 610,000 KZT; исходящие 36,000 KZT."
100000006734554100,peripheral,0.2,27,0.215462,"Недостаточно признаков роли: входящих связей 1, исходящих 1, глубина 1."
100000006735545100,peripheral,0.2,8,0.269287,"Граница 4-го колена: вход 5,000 KZT, исходящие дальше не наблюдаются; роль получателя не доказана."
100000006745291100,terminal,0.742248,11,0.516765,"Нет наблюдаемых исходящих; вход от 1 плательщиков на 82,534 KZT. Вне выборки потоки неизвестны."
100000006746688100,terminal,0.675612,22,0.250984,"Нет наблюдаемых исходящих; вход от 1 плательщиков на 41,000 KZT. Вне выборки потоки неизвестны."
100000006755850100,terminal,0.86301,10,0.694178,"Нет наблюдаемых исходящих; вход от 1 плательщиков на 443,476 KZT. Вне выборки потоки неизвестны."
100000006756956100,peripheral,0.2,0,0.460728,"Граница 4-го колена: вход 121,200 KZT, исходящие дальше не наблюдаются; роль получателя не доказана."
100000006787636100,terminal,0.598368,5,0.365438,"Нет наблюдаемых исходящих; вход от 1 плательщиков на 20,000 KZT. Вне выборки потоки неизвестны."
100000006788200100,consolidator,0.66,41,0.734135,"Признаки консолидации: 4 плательщиков, вход 272,156 KZT; исходящие 64,500 KZT."
100000006789108100,terminal,0.666908,11,0.455932,"Нет наблюдаемых исходящих; вход от 1 плательщиков на 37,500 KZT. Вне выборки потоки неизвестны."
100000006831291100,peripheral,0.2,83,0.047066,"Недостаточно признаков роли: входящих связей 0, исходящих 1, глубина 0."
100000006844004100,terminal,0.604805,0,0.389123,"Нет наблюдаемых исходящих; вход от 1 плательщиков на 20,600 KZT. Вне выборки потоки неизвестны."
100000006844768100,peripheral,0.2,0,0.656662,"Недостаточно признаков роли: входящих связей 1, исходящих 2, глубина 2."
100000006852430100,terminal,0.665639,11,0.56317,"Нет наблюдаемых исходящих; вход от 1 плательщиков на 37,000 KZT. Вне выборки потоки неизвестны."
100000006866783100,coordinator,0.894477,0,0.76557,"Признаки координации: доступен от 6 seed, связей между кластерами 13; посредничество 0.0055."
100000006866831100,peripheral,0.2,0,0.354306,"Граница 4-го колена: вход 16,500 KZT, исходящие дальше не наблюдаются; роль получателя не доказана."
100000006882208100,terminal,0.58767,16,0.384152,"Нет наблюдаемых исходящих; вход от 1 плательщиков на 18,000 KZT. Вне выборки потоки неизвестны."
100000006888238100,peripheral,0.2,52,0.266605,"Недостаточно признаков роли: входящих связей 1, исходящих 1, глубина 2."
100000006889963100,consolidator,0.66,10,0.84649,"Признаки консолидации: 4 плательщиков, вход 1,431,000 KZT; исходящие 443,476 KZT."
100000006894637100,terminal,0.706528,0,0.386685,"Нет наблюдаемых исходящих; вход от 1 плательщиков на 52,831 KZT. Вне выборки потоки неизвестны."
100000006901046100,peripheral,0.2,16,0.487053,"Недостаточно признаков роли: входящих связей 1, исходящих 1, глубина 2."
100000006903193100,peripheral,0.2,0,0.298542,"Граница 4-го колена: вход 9,000 KZT, исходящие дальше не наблюдаются; роль получателя не доказана."
100000006912294100,peripheral,0.2,4,0.239386,"Недостаточно признаков роли: входящих связей 1, исходящих 2, глубина 2."
100000006918814100,peripheral,0.2,2,0.344219,"Граница 4-го колена: вход 20,000 KZT, исходящие дальше не наблюдаются; роль получателя не доказана."
100000006919124100,terminal,0.625023,0,0.322756,"Нет наблюдаемых исходящих; вход от 1 плательщиков на 25,000 KZT. Вне выборки потоки неизвестны."
100000006952718100,terminal,0.73155,16,0.410732,"Нет наблюдаемых исходящих; вход от 1 плательщиков на 71,489 KZT. Вне выборки потоки неизвестны."
100000006965162100,terminal,0.539166,15,0.310888,"Нет наблюдаемых исходящих; вход от 1 плательщиков на 10,000 KZT. Вне выборки потоки неизвестны."
100000006967370100,peripheral,0.2,28,0.400686,"Недостаточно признаков роли: входящих связей 1, исходящих 1, глубина 3."
100000006972210100,consolidator,0.62,4,0.729715,"Признаки консолидации: 3 плательщиков, вход 488,775 KZT; исходящие 0 KZT."
100000006977207100,distributor,0.7,35,0.640665,"Признаки распределения: 15 получателей, 15 переводов, исходящие 4,157,018 KZT."
100000006989106100,terminal,0.721668,1,0.334218,"Нет наблюдаемых исходящих; вход от 1 плательщиков на 64,000 KZT. Вне выборки потоки неизвестны."
100000006989232100,terminal,0.609882,0,0.314894,"Нет наблюдаемых исходящих; вход от 1 плательщиков на 22,194 KZT. Вне выборки потоки неизвестны."
100000006994985100,peripheral,0.2,41,0.473071,"Недостаточно признаков роли: входящих связей 1, исходящих 1, глубина 2."
100000007005380100,terminal,0.531006,10,0.300917,"Нет наблюдаемых исходящих; вход от 1 плательщиков на 9,400 KZT. Вне выборки потоки неизвестны."
100000007018630100,peripheral,0.2,37,0.047066,"Недостаточно признаков роли: входящих связей 0, исходящих 1, глубина 0."
100000007020162100,terminal,0.745694,40,0.440657,"Нет наблюдаемых исходящих; вход от 1 плательщиков на 86,395 KZT. Вне выборки потоки неизвестны."
100000007022818100,terminal,0.581414,22,0.178276,"Нет наблюдаемых исходящих; вход от 1 плательщиков на 17,200 KZT. Вне выборки потоки неизвестны."
100000007034089100,peripheral,0.2,4,0.671599,"Граница 4-го колена: вход 198,000 KZT, исходящие дальше не наблюдаются; роль получателя не доказана."
100000007042175100,peripheral,0.2,0,0.457307,"Граница 4-го колена: вход 60,000 KZT, исходящие дальше не наблюдаются; роль получателя не доказана."
100000007055802100,consolidator,0.74,0,0.701763,"Признаки консолидации: 6 плательщиков, вход 2,024,999 KZT; исходящие 605,000 KZT."
100000007071852100,peripheral,0.2,8,0.508688,"Граница 4-го колена: вход 195,000 KZT, исходящие дальше не наблюдаются; роль получателя не доказана."
100000007129492100,peripheral,0.2,11,0.660507,"Недостаточно признаков роли: входящих связей 2, исходящих 1, глубина 1."
100000007131370100,transit,0.9,3,0.425707,"Признаки транзита: вход 30,000, выход 30,000 KZT; наблюдаемое отношение 1.00."
100000007138613100,consolidator,0.62,0,0.729761,"Признаки консолидации: 3 плательщиков, вход 1,002,000 KZT; исходящие 179,000 KZT."
100000007140834100,terminal,0.545966,41,0.359777,"Нет наблюдаемых исходящих; вход от 1 плательщиков на 10,200 KZT. Вне выборки потоки неизвестны."
100000007153161100,peripheral,0.2,0,0.433275,"Граница 4-го колена: вход 44,997 KZT, исходящие дальше не наблюдаются; роль получателя не доказана."
100000007170072100,transit,0.89,8,0.556631,"Признаки транзита: вход 100,000, выход 99,500 KZT; наблюдаемое отношение 0.99."
100000007173936100,terminal,0.539166,33,0.268517,"Нет наблюдаемых исходящих; вход от 1 плательщиков на 10,000 KZT. Вне выборки потоки неизвестны."
100000007175718100,terminal,0.598368,55,0.221812,"Нет наблюдаемых исходящих; вход от 1 плательщиков на 20,000 KZT. Вне выборки потоки неизвестны."
100000007181706100,terminal,0.803354,2,0.702087,"Нет наблюдаемых исходящих; вход от 2 плательщиков на 176,272 KZT. Вне выборки потоки неизвестны."
100000007197866100,peripheral,0.2,8,0.352823,"Недостаточно признаков роли: входящих связей 1, исходящих 1, глубина 3."
100000007229557100,consolidator,0.62,46,0.77119,"Признаки консолидации: 3 плательщиков, вход 878,000 KZT; исходящие 0 KZT."
100000007242833100,peripheral,0.2,7,0.634082,"Недостаточно признаков роли: входящих связей 1, исходящих 1, глубина 2."
100000007267915100,peripheral,0.2,28,0.41884,"Недостаточно признаков роли: входящих связей 2, исходящих 1, глубина 3."
100000007274584100,terminal,0.667996,2,0.499063,"Нет наблюдаемых исходящих; вход от 1 плательщиков на 38,000 KZT. Вне выборки потоки неизвестны."
100000007281639100,terminal,0.820762,16,0.586827,"Нет наблюдаемых исходящих; вход от 2 плательщиков на 216,770 KZT. Вне выборки потоки неизвестны."
100000007283257100,terminal,0.810245,73,0.380993,"Нет наблюдаемых исходящих; вход от 1 плательщиков на 192,000 KZT. Вне выборки потоки неизвестны."
100000007289427100,terminal,0.553853,2,0.218835,"Нет наблюдаемых исходящих; вход от 1 плательщиков на 12,300 KZT. Вне выборки потоки неизвестны."
100000007303047100,terminal,0.705802,22,0.274657,"Нет наблюдаемых исходящих; вход от 1 плательщиков на 52,250 KZT. Вне выборки потоки неизвестны."
100000007311010100,peripheral,0.2,2,0.680718,"Недостаточно признаков роли: входящих связей 2, исходящих 1, глубина 1."
100000007322059100,peripheral,0.2,42,0.676317,"Недостаточно признаков роли: входящих связей 2, исходящих 1, глубина 2."
100000007330432100,peripheral,0.2,84,0.558322,"Граница 4-го колена: вход 584,900 KZT, исходящие дальше не наблюдаются; роль получателя не доказана."
100000007333038100,peripheral,0.2,24,0.249479,"Недостаточно признаков роли: входящих связей 1, исходящих 2, глубина 3."
100000007334196100,terminal,0.792838,11,0.559504,"Нет наблюдаемых исходящих; вход от 1 плательщиков на 150,002 KZT. Вне выборки потоки неизвестны."
100000007337374100,terminal,0.598368,22,0.203997,"Нет наблюдаемых исходящих; вход от 1 плательщиков на 20,000 KZT. Вне выборки потоки неизвестны."
100000007347733100,terminal,0.612602,83,0.250482,"Нет наблюдаемых исходящих; вход от 1 плательщиков на 23,007 KZT. Вне выборки потоки неизвестны."
100000007357489100,peripheral,0.2,4,0.65715,"Граница 4-го колена: вход 164,500 KZT, исходящие дальше не наблюдаются; роль получателя не доказана."
100000007381662100,peripheral,0.2,0,0.303288,"Граница 4-го колена: вход 11,000 KZT, исходящие дальше не наблюдаются; роль получателя не доказана."
100000007382152100,terminal,0.51505,0,0.252599,"Нет наблюдаемых исходящих; вход от 1 плательщиков на 5,860 KZT. Вне выборки потоки неизвестны."
100000007382543100,consolidator,0.62,15,0.773619,"Признаки консолидации: 3 плательщиков, вход 218,000 KZT; исходящие 427,000 KZT."
100000007390016100,peripheral,0.2,85,0.570718,"Недостаточно признаков роли: входящих связей 1, исходящих 1, глубина 3."
100000007392365100,peripheral,0.2,65,0.469559,"Недостаточно признаков роли: входящих связей 1, исходящих 6, глубина 3."
100000007442518100,consolidator,0.7,33,0.808683,"Признаки консолидации: 5 плательщиков, вход 510,000 KZT; исходящие 4,419,999 KZT."
100000007472293100,peripheral,0.2,60,0.50528,"Недостаточно признаков роли: входящих связей 1, исходящих 3, глубина 3."
100000007484343100,terminal,0.635811,0,0.428795,"Нет наблюдаемых исходящих; вход от 2 плательщиков на 26,757 KZT. Вне выборки потоки неизвестны."
100000007487729100,terminal,0.625023,0,0.346243,"Нет наблюдаемых исходящих; вход от 1 плательщиков на 25,000 KZT. Вне выборки потоки неизвестны."
100000007507343100,terminal,0.853762,58,0.429143,"Нет наблюдаемых исходящих; вход от 1 плательщиков на 370,000 KZT. Вне выборки потоки неизвестны."
100000007510567100,peripheral,0.2,18,0.4113,"Граница 4-го колена: вход 52,000 KZT, исходящие дальше не наблюдаются; роль получателя не доказана."
100000007510875100,terminal,0.505168,4,0.185204,"Нет наблюдаемых исходящих; вход от 1 плательщиков на 5,000 KZT. Вне выборки потоки неизвестны."
100000007511163100,peripheral,0.2,16,0.63579,"Недостаточно признаков роли: входящих связей 2, исходящих 3, глубина 1."
100000007511780100,peripheral,0.2,0,0.510106,"Граница 4-го колена: вход 155,000 KZT, исходящие дальше не наблюдаются; роль получателя не доказана."
100000007534354100,peripheral,0.2,24,0.347246,"Недостаточно признаков роли: входящих связей 1, исходящих 3, глубина 2."
100000007536804100,peripheral,0.2,1,0.334968,"Недостаточно признаков роли: входящих связей 1, исходящих 2, глубина 1."
100000007539296100,peripheral,0.2,10,0.441127,"Граница 4-го колена: вход 46,000 KZT, исходящие дальше не наблюдаются; роль получателя не доказана."
100000007544358100,transit,0.729457,16,0.643725,"Признаки транзита: вход 322,500, выход 350,000 KZT; наблюдаемое отношение 1.09."
100000007591246100,peripheral,0.2,12,0.30842,"Недостаточно признаков роли: входящих связей 1, исходящих 1, глубина 3."
100000007593823100,coordinator,0.870809,0,0.583116,"Признаки координации: доступен от 7 seed, связей между кластерами 4; посредничество 0.0007."
100000007594394100,consolidator,0.74,43,0.831946,"Признаки консолидации: 6 плательщиков, вход 395,385 KZT; исходящие 3,376,312 KZT."
100000007597382100,terminal,0.573799,10,0.287849,"Нет наблюдаемых исходящих; вход от 1 плательщиков на 15,700 KZT. Вне выборки потоки неизвестны."
100000007617808100,terminal,0.864007,16,0.531952,"Нет наблюдаемых исходящих; вход от 1 плательщиков на 450,000 KZT. Вне выборки потоки неизвестны."
100000007618425100,terminal,0.6699,28,0.376204,"Нет наблюдаемых исходящих; вход от 1 плательщиков на 39,348 KZT. Вне выборки потоки неизвестны."
100000007629096100,consolidator,0.66,0,0.697054,"Признаки консолидации: 4 плательщиков, вход 1,075,170 KZT; исходящие 765,205 KZT."
100000007629121100,terminal,0.641342,2,0.526443,"Нет наблюдаемых исходящих; вход от 1 плательщиков на 29,000 KZT. Вне выборки потоки неизвестны."
100000007631637100,terminal,0.571079,22,0.174574,"Нет наблюдаемых исходящих; вход от 1 плательщиков на 15,341 KZT. Вне выборки потоки неизвестны."
100000007639767100,coordinator,0.881065,0,0.693079,"Признаки координации: доступен от 7 seed, связей между кластерами 4; посредничество 0.0017."
100000007641183100,terminal,0.638713,16,0.337139,"Нет наблюдаемых исходящих; вход от 1 плательщиков на 28,000 KZT. Вне выборки потоки неизвестны."
100000007641801100,terminal,0.815231,1,0.349078,"Нет наблюдаемых исходящих; вход от 1 плательщиков на 200,000 KZT. Вне выборки потоки неизвестны."
100000007647294100,terminal,0.855576,38,0.549235,"Нет наблюдаемых исходящих; вход от 1 плательщиков на 385,000 KZT. Вне выборки потоки неизвестны."
100000007648946100,peripheral,0.2,12,0.314017,"Недостаточно признаков роли: входящих связей 1, исходящих 1, глубина 1."
100000007653003100,terminal,0.760925,28,0.442792,"Нет наблюдаемых исходящих; вход от 1 плательщиков на 100,000 KZT. Вне выборки потоки неизвестны."
100000007653094100,peripheral,0.2,12,0.373866,"Граница 4-го колена: вход 16,000 KZT, исходящие дальше не наблюдаются; роль получателя не доказана."
100000007689942100,peripheral,0.2,43,0.405597,"Недостаточно признаков роли: входящих связей 1, исходящих 2, глубина 3."
100000007731977100,peripheral,0.2,0,0.422931,"Граница 4-го колена: вход 50,000 KZT, исходящие дальше не наблюдаются; роль получателя не доказана."
100000007737775100,terminal,0.516228,53,0.382353,"Нет наблюдаемых исходящих; вход от 1 плательщиков на 6,000 KZT. Вне выборки потоки неизвестны."
100000007745062100,peripheral,0.2,7,0.604276,"Граница 4-го колена: вход 100,000 KZT, исходящие дальше не наблюдаются; роль получателя не доказана."
100000007747786100,distributor,0.9,1,0.196345,"Признаки распределения: 31 получателей, 35 переводов, исходящие 4,238,009 KZT."
100000007749092100,peripheral,0.2,16,0.352454,"Недостаточно признаков роли: входящих связей 1, исходящих 1, глубина 2."
100000007749747100,peripheral,0.2,4,0.528417,"Граница 4-го колена: вход 50,000 KZT, исходящие дальше не наблюдаются; роль получателя не доказана."
100000007754369100,terminal,0.742067,0,0.416371,"Нет наблюдаемых исходящих; вход от 1 плательщиков на 82,424 KZT. Вне выборки потоки неизвестны."
100000007777377100,peripheral,0.2,16,0.684456,"Недостаточно признаков роли: входящих связей 1, исходящих 2, глубина 2."
100000007793871100,terminal,0.630644,11,0.502884,"Нет наблюдаемых исходящих; вход от 1 плательщиков на 26,000 KZT. Вне выборки потоки неизвестны."
100000007797290100,peripheral,0.2,0,0.47862,"Недостаточно признаков роли: входящих связей 1, исходящих 1, глубина 2."
100000007811950100,peripheral,0.2,13,0.44762,"Граница 4-го колена: вход 50,000 KZT, исходящие дальше не наблюдаются; роль получателя не доказана."
100000007841978100,peripheral,0.2,10,0.545127,"Граница 4-го колена: вход 449,000 KZT, исходящие дальше не наблюдаются; роль получателя не доказана."
100000007861311100,terminal,0.682502,1,0.29675,"Нет наблюдаемых исходящих; вход от 1 плательщиков на 45,000 KZT. Вне выборки потоки неизвестны."
100000007863304100,terminal,0.625023,10,0.320865,"Нет наблюдаемых исходящих; вход от 1 плательщиков на 25,000 KZT. Вне выборки потоки неизвестны."
100000007864477100,peripheral,0.2,0,0.621984,"Недостаточно признаков роли: входящих связей 2, исходящих 6, глубина 3."
100000007865484100,peripheral,0.2,65,0.541438,"Граница 4-го колена: вход 584,600 KZT, исходящие дальше не наблюдаются; роль получателя не доказана."
100000007867364100,peripheral,0.2,43,0.42491,"Граница 4-го колена: вход 41,852 KZT, исходящие дальше не наблюдаются; роль получателя не доказана."
100000007898453100,peripheral,0.2,2,0.570674,"Недостаточно признаков роли: входящих связей 1, исходящих 2, глубина 2."
100000007908818100,consolidator,0.66,2,0.925847,"Признаки консолидации: 4 плательщиков, вход 727,475 KZT; исходящие 302,000 KZT."
100000007930878100,terminal,0.505168,23,0.198015,"Нет наблюдаемых исходящих; вход от 1 плательщиков на 5,000 KZT. Вне выборки потоки неизвестны."
100000007938486100,terminal,0.670172,22,0.252611,"Нет наблюдаемых исходящих; вход от 1 плательщиков на 39,500 KZT. Вне выборки потоки неизвестны."
100000007939160100,peripheral,0.2,23,0.486543,"Недостаточно признаков роли: входящих связей 1, исходящих 2, глубина 1."
100000007953156100,peripheral,0.2,40,0.497351,"Недостаточно признаков роли: входящих связей 1, исходящих 1, глубина 2."
100000007960337100,peripheral,0.2,8,0.383039,"Граница 4-го колена: вход 35,500 KZT, исходящие дальше не наблюдаются; роль получателя не доказана."
100000007982728100,peripheral,0.2,41,0.179919,"Недостаточно признаков роли: входящих связей 0, исходящих 8, глубина 0."
100000007982908100,terminal,0.651949,22,0.245447,"Нет наблюдаемых исходящих; вход от 1 плательщиков на 31,080 KZT. Вне выборки потоки неизвестны."
100000007988344100,peripheral,0.2,0,0.369842,"Граница 4-го колена: вход 20,000 KZT, исходящие дальше не наблюдаются; роль получателя не доказана."
100000007997939100,peripheral,0.2,4,0.45167,"Граница 4-го колена: вход 13,000 KZT, исходящие дальше не наблюдаются; роль получателя не доказана."
100000007998965100,consolidator,0.7,11,0.769266,"Признаки консолидации: 5 плательщиков, вход 278,000 KZT; исходящие 26,000 KZT."
100000007999728100,terminal,0.613327,40,0.334174,"Нет наблюдаемых исходящих; вход от 1 плательщиков на 23,250 KZT. Вне выборки потоки неизвестны."
100000008002020100,peripheral,0.2,7,0.299138,"Недостаточно признаков роли: входящих связей 1, исходящих 1, глубина 1."
100000008003034100,coordinator,0.867653,12,0.492987,"Признаки координации: доступен от 7 seed, связей между кластерами 3; посредничество 0.0006."
100000008008463100,terminal,0.709791,41,0.281199,"Нет наблюдаемых исходящих; вход от 1 плательщиков на 54,180 KZT. Вне выборки потоки неизвестны."
100000008011159100,consolidator,0.62,66,0.762113,"Признаки консолидации: 3 плательщиков, вход 363,000 KZT; исходящие 153,037 KZT."
100000008011573100,terminal,0.567271,28,0.295446,"Нет наблюдаемых исходящих; вход от 1 плательщиков на 15,000 KZT. Вне выборки потоки неизвестны."
100000008027922100,peripheral,0.2,29,0.460443,"Граница 4-го колена: вход 70,000 KZT, исходящие дальше не наблюдаются; роль получателя не доказана."
100000008028628100,terminal,0.714143,22,0.286587,"Нет наблюдаемых исходящих; вход от 1 плательщиков на 57,224 KZT. Вне выборки потоки неизвестны."
100000008029279100,terminal,0.579057,8,0.302212,"Нет наблюдаемых исходящих; вход от 1 плательщиков на 17,000 KZT. Вне выборки потоки неизвестны."
100000008038077100,terminal,0.869719,10,0.511278,"Нет наблюдаемых исходящих; вход от 1 плательщиков на 499,850 KZT. Вне выборки потоки неизвестны."
100000008042075100,terminal,0.505168,21,0.144367,"Нет наблюдаемых исходящих; вход от 1 плательщиков на 5,000 KZT. Вне выборки потоки неизвестны."
100000008043184100,terminal,0.702357,28,0.393154,"Нет наблюдаемых исходящих; вход от 1 плательщиков на 50,564 KZT. Вне выборки потоки неизвестны."
100000008050986100,peripheral,0.2,10,0.447796,"Граница 4-го колена: вход 95,000 KZT, исходящие дальше не наблюдаются; роль получателя не доказана."
100000008055972100,terminal,0.639529,22,0.22256,"Нет наблюдаемых исходящих; вход от 1 плательщиков на 28,300 KZT. Вне выборки потоки неизвестны."
100000008060273100,terminal,0.539166,2,0.437994,"Нет наблюдаемых исходящих; вход от 1 плательщиков на 10,000 KZT. Вне выборки потоки неизвестны."
100000008066326100,terminal,0.592294,0,0.311152,"Нет наблюдаемых исходящих; вход от 1 плательщиков на 19,320 KZT. Вне выборки потоки неизвестны."
100000008070101100,terminal,0.760925,4,0.518162,"Нет наблюдаемых исходящих; вход от 1 плательщиков на 100,000 KZT. Вне выборки потоки неизвестны."
100000008071620100,terminal,0.687126,0,0.385547,"Нет наблюдаемых исходящих; вход от 1 плательщиков на 46,968 KZT. Вне выборки потоки неизвестны."
100000008071749100,peripheral,0.2,18,0.346108,"Граница 4-го колена: вход 24,943 KZT, исходящие дальше не наблюдаются; роль получателя не доказана."
100000008074304100,peripheral,0.2,10,0.306517,"Граница 4-го колена: вход 5,500 KZT, исходящие дальше не наблюдаются; роль получателя не доказана."
100000008077552100,terminal,0.819764,8,0.496871,"Нет наблюдаемых исходящих; вход от 1 плательщиков на 214,000 KZT. Вне выборки потоки неизвестны."
100000008086440100,transit,0.515156,0,0.682934,"Признаки транзита: вход 199,733, выход 161,300 KZT; наблюдаемое отношение 0.81."
100000008088082100,peripheral,0.2,12,0.419833,"Недостаточно признаков роли: входящих связей 1, исходящих 1, глубина 3."
100000008094734100,consolidator,0.66,0,0.709761,"Признаки консолидации: 4 плательщиков, вход 236,249 KZT; исходящие 0 KZT."
100000008097580100,terminal,0.654488,8,0.517737,"Нет наблюдаемых исходящих; вход от 2 плательщиков на 32,000 KZT. Вне выборки потоки неизвестны."
100000008104567100,coordinator,0.898422,18,0.70908,"Признаки координации: доступен от 7 seed, связей между кластерами 3; посредничество 0.0058."
100000008106997100,peripheral,0.2,0,0.512361,"Недостаточно признаков роли: входящих связей 2, исходящих 1, глубина 2."
100000008111003100,consolidator,0.74,0,0.768751,"Признаки консолидации: 6 плательщиков, вход 222,716 KZT; исходящие 35,000 KZT."
100000008116374100,terminal,0.652675,16,0.348001,"Нет наблюдаемых исходящих; вход от 1 плательщиков на 31,284 KZT. Вне выборки потоки неизвестны."
100000008117324100,peripheral,0.0,86,0.0,"Недостаточно признаков роли: входящих связей 0, исходящих 0, глубина 0."
100000008121806100,coordinator,0.863708,8,0.633684,"Признаки координации: доступен от 7 seed, связей между кластерами 2; посредничество 0.0005."
100000008129393100,terminal,0.539166,83,0.191372,"Нет наблюдаемых исходящих; вход от 1 плательщиков на 10,000 KZT. Вне выборки потоки неизвестны."
100000008130868100,peripheral,0.2,24,0.262455,"Граница 4-го колена: вход 22,782 KZT, исходящие дальше не наблюдаются; роль получателя не доказана."
100000008136608100,peripheral,0.2,18,0.514833,"Граница 4-го колена: вход 170,000 KZT, исходящие дальше не наблюдаются; роль получателя не доказана."
100000008137435100,peripheral,0.2,29,0.671414,"Недостаточно признаков роли: входящих связей 2, исходящих 6, глубина 1."
100000008141170100,terminal,0.548323,16,0.359026,"Нет наблюдаемых исходящих; вход от 1 плательщиков на 11,000 KZT. Вне выборки потоки неизвестны."
100000008144528100,consolidator,0.7,16,0.695273,"Признаки консолидации: 5 плательщиков, вход 1,068,203 KZT; исходящие 0 KZT."
100000008151098100,peripheral,0.2,14,0.377931,"Граница 4-го колена: вход 30,000 KZT, исходящие дальше не наблюдаются; роль получателя не доказана."
100000008165763100,distributor,0.726667,2,0.942192,"Признаки распределения: 17 получателей, 17 переводов, исходящие 1,267,858 KZT."
100000008168850100,peripheral,0.2,10,0.51381,"Граница 4-го колена: вход 187,910 KZT, исходящие дальше не наблюдаются; роль получателя не доказана."
100000008169544100,peripheral,0.2,16,0.640696,"Недостаточно признаков роли: входящих связей 1, исходящих 4, глубина 1."
100000008172352100,consolidator,0.62,42,0.784038,"Признаки консолидации: 3 плательщиков, вход 90,265 KZT; исходящие 289,510 KZT."
100000008172721100,peripheral,0.2,8,0.497909,"Граница 4-го колена: вход 168,335 KZT, исходящие дальше не наблюдаются; роль получателя не доказана."
100000008173359100,terminal,0.51777,16,0.253365,"Нет наблюдаемых исходящих; вход от 1 плательщиков на 6,110 KZT. Вне выборки потоки неизвестны."
100000008174521100,terminal,0.741704,16,0.464854,"Нет наблюдаемых исходящих; вход от 1 плательщиков на 82,110 KZT. Вне выборки потоки неизвестны."
100000008175078100,peripheral,0.2,20,0.562946,"Граница 4-го колена: вход 1,846,711 KZT, исходящие дальше не наблюдаются; роль получателя не доказана."
100000008183752100,peripheral,0.2,46,0.588771,"Граница 4-го колена: вход 140,000 KZT, исходящие дальше не наблюдаются; роль получателя не доказана."
100000008188026100,peripheral,0.2,3,0.624282,"Недостаточно признаков роли: входящих связей 2, исходящих 4, глубина 1."
100000008190411100,peripheral,0.2,4,0.507544,"Граница 4-го колена: вход 198,450 KZT, исходящие дальше не наблюдаются; роль получателя не доказана."
100000008190442100,terminal,0.556754,22,0.160639,"Нет наблюдаемых исходящих; вход от 1 плательщиков на 13,000 KZT. Вне выборки потоки неизвестны."
100000008192264100,transit,0.591665,10,0.481405,"Признаки транзита: вход 162,810, выход 187,910 KZT; наблюдаемое отношение 1.15."
100000008193258100,peripheral,0.2,28,0.456514,"Недостаточно признаков роли: входящих связей 1, исходящих 1, глубина 3."
100000008193577100,peripheral,0.2,9,0.490096,"Недостаточно признаков роли: входящих связей 2, исходящих 5, глубина 1."
100000008200810100,terminal,0.866455,24,0.434383,"Нет наблюдаемых исходящих; вход от 1 плательщиков на 475,000 KZT. Вне выборки потоки неизвестны."
100000008205000100,peripheral,0.0,87,0.0,"Недостаточно признаков роли: входящих связей 0, исходящих 0, глубина 0."
100000008205937100,terminal,0.661197,12,0.526753,"Нет наблюдаемых исходящих; вход от 1 плательщиков на 35,000 KZT. Вне выборки потоки неизвестны."
100000008213966100,consolidator,0.62,15,0.724646,"Признаки консолидации: 3 плательщиков, вход 187,004 KZT; исходящие 436,900 KZT."
100000008219168100,terminal,0.707978,1,0.259158,"Нет наблюдаемых исходящих; вход от 1 плательщиков на 53,200 KZT. Вне выборки потоки неизвестны."
100000008221543100,terminal,0.874433,28,0.631359,"Нет наблюдаемых исходящих; вход от 2 плательщиков на 542,000 KZT. Вне выборки потоки неизвестны."
100000008221765100,peripheral,0.2,10,0.507923,"Граница 4-го колена: вход 156,354 KZT, исходящие дальше не наблюдаются; роль получателя не доказана."
100000008223661100,peripheral,0.2,4,0.670732,"Недостаточно признаков роли: входящих связей 2, исходящих 5, глубина 3."
100000008223756100,terminal,0.847597,8,0.611606,"Нет наблюдаемых исходящих; вход от 2 плательщиков на 331,682 KZT. Вне выборки потоки неизвестны."
100000008229700100,peripheral,0.2,7,0.204852,"Недостаточно признаков роли: входящих связей 1, исходящих 1, глубина 1."
100000008232832100,peripheral,0.2,51,0.662766,"Недостаточно признаков роли: входящих связей 1, исходящих 1, глубина 1."
100000008237827100,terminal,0.673889,2,0.503769,"Нет наблюдаемых исходящих; вход от 1 плательщиков на 40,001 KZT. Вне выборки потоки неизвестны."
100000008238112100,terminal,0.809519,10,0.455637,"Нет наблюдаемых исходящих; вход от 1 плательщиков на 190,000 KZT. Вне выборки потоки неизвестны."
100000008238989100,terminal,0.815231,29,0.492281,"Нет наблюдаемых исходящих; вход от 1 плательщиков на 200,000 KZT. Вне выборки потоки неизвестны."
100000008244300100,consolidator,0.7,10,0.663305,"Признаки консолидации: 5 плательщиков, вход 65,430 KZT; исходящие 0 KZT."
100000008251939100,peripheral,0.2,18,0.393025,"Граница 4-го колена: вход 44,360 KZT, исходящие дальше не наблюдаются; роль получателя не доказана."
100000008254069100,peripheral,0.2,49,0.612732,"Недостаточно признаков роли: входящих связей 1, исходящих 5, глубина 2."
100000008254576100,peripheral,0.2,38,0.314039,"Недостаточно признаков роли: входящих связей 1, исходящих 1, глубина 3."
100000008255655100,peripheral,0.2,28,0.327945,"Граница 4-го колена: вход 5,400 KZT, исходящие дальше не наблюдаются; роль получателя не доказана."
100000008258083100,peripheral,0.2,33,0.780755,"Недостаточно признаков роли: входящих связей 2, исходящих 2, глубина 2."
100000008258458100,peripheral,0.2,70,0.426303,"Недостаточно признаков роли: входящих связей 1, исходящих 2, глубина 3."
100000008259451100,terminal,0.711423,40,0.411542,"Нет наблюдаемых исходящих; вход от 1 плательщиков на 55,000 KZT. Вне выборки потоки неизвестны."
100000008279405100,terminal,0.82602,8,0.502115,"Нет наблюдаемых исходящих; вход от 1 плательщиков на 234,738 KZT. Вне выборки потоки неизвестны."
100000008283183100,terminal,0.641342,22,0.237439,"Нет наблюдаемых исходящих; вход от 1 плательщиков на 29,000 KZT. Вне выборки потоки неизвестны."
100000008289539100,terminal,0.564189,3,0.297768,"Нет наблюдаемых исходящих; вход от 1 плательщиков на 14,912 KZT. Вне выборки потоки неизвестны."
100000008293431100,peripheral,0.2,0,0.463082,"Недостаточно признаков роли: входящих связей 1, исходящих 5, глубина 3."
100000008295429100,terminal,0.851224,10,0.492823,"Нет наблюдаемых исходящих; вход от 1 плательщиков на 352,000 KZT. Вне выборки потоки неизвестны."
100000008297199100,terminal,0.677516,0,0.383678,"Нет наблюдаемых исходящих; вход от 1 плательщиков на 42,268 KZT. Вне выборки потоки неизвестны."
100000008304115100,terminal,0.703445,7,0.273673,"Нет наблюдаемых исходящих; вход от 1 плательщиков на 51,000 KZT. Вне выборки потоки неизвестны."
100000008304139100,coordinator,0.885799,2,0.741601,"Признаки координации: доступен от 7 seed, связей между кластерами 9; посредничество 0.0028."
100000008306857100,terminal,0.777879,24,0.354957,"Нет наблюдаемых исходящих; вход от 1 плательщиков на 125,000 KZT. Вне выборки потоки неизвестны."
100000008308418100,peripheral,0.2,0,0.43681,"Граница 4-го колена: вход 50,000 KZT, исходящие дальше не наблюдаются; роль получателя не доказана."
100000008309514100,terminal,0.581414,22,0.178276,"Нет наблюдаемых исходящих; вход от 1 плательщиков на 17,200 KZT. Вне выборки потоки неизвестны."
100000008314203100,peripheral,0.2,51,0.742797,"Недостаточно признаков роли: входящих связей 2, исходящих 2, глубина 0."
100000008314863100,terminal,0.551315,2,0.478717,"Нет наблюдаемых исходящих; вход от 1 плательщиков на 12,000 KZT. Вне выборки потоки неизвестны."
100000008321975100,peripheral,0.2,32,0.291369,"Граница 4-го колена: вход 5,900 KZT, исходящие дальше не наблюдаются; роль получателя не доказана."
100000008324800100,transit,0.841121,85,0.714541,"Признаки транзита: вход 526,500, выход 511,000 KZT; наблюдаемое отношение 0.97."
100000008327791100,peripheral,0.2,28,0.352265,"Граница 4-го колена: вход 11,000 KZT, исходящие дальше не наблюдаются; роль получателя не доказана."
100000008331280100,peripheral,0.2,14,0.402461,"Граница 4-го колена: вход 41,000 KZT, исходящие дальше не наблюдаются; роль получателя не доказана."
100000008332511100,terminal,0.760925,24,0.610904,"Нет наблюдаемых исходящих; вход от 1 плательщиков на 100,000 KZT. Вне выборки потоки неизвестны."
100000008333492100,peripheral,0.2,60,0.626259,"Граница 4-го колена: вход 216,400 KZT, исходящие дальше не наблюдаются; роль получателя не доказана."
100000008335401100,terminal,0.791568,18,0.619114,"Нет наблюдаемых исходящих; вход от 1 плательщиков на 150,000 KZT. Вне выборки потоки неизвестны."
100000008336318100,peripheral,0.2,4,0.575523,"Граница 4-го колена: вход 170,000 KZT, исходящие дальше не наблюдаются; роль получателя не доказана."
100000008337304100,peripheral,0.2,8,0.470044,"Граница 4-го колена: вход 105,465 KZT, исходящие дальше не наблюдаются; роль получателя не доказана."
100000008343415100,peripheral,0.2,35,0.476289,"Граница 4-го колена: вход 100,000 KZT, исходящие дальше не наблюдаются; роль получателя не доказана."
100000008343874100,peripheral,0.2,35,0.664324,"Недостаточно признаков роли: входящих связей 2, исходящих 2, глубина 3."
100000008346837100,coordinator,0.9,12,0.801174,"Признаки координации: доступен от 7 seed, связей между кластерами 7; посредничество 0.0085."
100000008349675100,peripheral,0.2,1,0.243783,"Недостаточно признаков роли: входящих связей 1, исходящих 1, глубина 1."
100000008349740100,peripheral,0.2,20,0.40733,"Граница 4-го колена: вход 70,000 KZT, исходящие дальше не наблюдаются; роль получателя не доказана."
100000008352542100,terminal,0.701995,2,0.552207,"Нет наблюдаемых исходящих; вход от 1 плательщиков на 50,220 KZT. Вне выборки потоки неизвестны."
100000008356606100,terminal,0.801179,12,0.608128,"Нет наблюдаемых исходящих; вход от 2 плательщиков на 168,500 KZT. Вне выборки потоки неизвестны."
100000008376089100,terminal,0.782593,33,0.457447,"Нет наблюдаемых исходящих; вход от 1 плательщиков на 135,000 KZT. Вне выборки потоки неизвестны."
100000008376785100,peripheral,0.2,10,0.524066,"Граница 4-го колена: вход 234,250 KZT, исходящие дальше не наблюдаются; роль получателя не доказана."
100000008379273100,coordinator,0.884221,18,0.613523,"Признаки координации: доступен от 7 seed, связей между кластерами 3; посредничество 0.0022."
100000008383405100,terminal,0.625023,21,0.240718,"Нет наблюдаемых исходящих; вход от 1 плательщиков на 25,000 KZT. Вне выборки потоки неизвестны."
100000008388049100,terminal,0.869538,24,0.436799,"Нет наблюдаемых исходящих; вход от 1 плательщиков на 496,400 KZT. Вне выборки потоки неизвестны."
100000008389800100,consolidator,0.62,16,0.737003,"Признаки консолидации: 3 плательщиков, вход 189,000 KZT; исходящие 401,620 KZT."
100000008405209100,terminal,0.710154,28,0.399584,"Нет наблюдаемых исходящих; вход от 1 плательщиков на 54,400 KZT. Вне выборки потоки неизвестны."
100000008406609100,terminal,0.658114,49,0.50226,"Нет наблюдаемых исходящих; вход от 1 плательщиков на 34,000 KZT. Вне выборки потоки неизвестны."
100000008413748100,distributor,0.74,28,0.628507,"Признаки распределения: 18 получателей, 21 переводов, исходящие 1,377,320 KZT."
100000008416433100,terminal,0.598368,40,0.3222,"Нет наблюдаемых исходящих; вход от 1 плательщиков на 20,000 KZT. Вне выборки потоки неизвестны."
100000008417029100,terminal,0.760925,4,0.560015,"Нет наблюдаемых исходящих; вход от 1 плательщиков на 100,000 KZT. Вне выборки потоки неизвестны."
100000008417359100,peripheral,0.2,28,0.404416,"Недостаточно признаков роли: входящих связей 1, исходящих 2, глубина 3."
100000008418835100,peripheral,0.2,3,0.521524,"Недостаточно признаков роли: входящих связей 1, исходящих 4, глубина 0."
100000008418934100,terminal,0.852312,4,0.392382,"Нет наблюдаемых исходящих; вход от 1 плательщиков на 360,000 KZT. Вне выборки потоки неизвестны."
100000008422226100,terminal,0.746419,0,0.412374,"Нет наблюдаемых исходящих; вход от 1 плательщиков на 87,450 KZT. Вне выборки потоки неизвестны."
100000008427027100,terminal,0.842702,2,0.667017,"Нет наблюдаемых исходящих; вход от 1 плательщиков на 300,000 KZT. Вне выборки потоки неизвестны."
100000008430691100,peripheral,0.2,84,0.414448,"Недостаточно признаков роли: входящих связей 1, исходящих 2, глубина 3."
100000008432942100,terminal,0.680961,0,0.361053,"Нет наблюдаемых исходящих; вход от 1 плательщиков на 44,542 KZT. Вне выборки потоки неизвестны."
100000008436257100,terminal,0.661197,28,0.460764,"Нет наблюдаемых исходящих; вход от 2 плательщиков на 35,000 KZT. Вне выборки потоки неизвестны."
100000008438656100,peripheral,0.2,2,0.67894,"Недостаточно признаков роли: входящих связей 2, исходящих 1, глубина 1."
100000008443341100,peripheral,0.2,7,0.604209,"Недостаточно признаков роли: входящих связей 2, исходящих 3, глубина 1."
100000008454065100,terminal,0.620308,40,0.33916,"Нет наблюдаемых исходящих; вход от 1 плательщиков на 24,050 KZT. Вне выборки потоки неизвестны."
100000008459449100,terminal,0.708885,0,0.407554,"Нет наблюдаемых исходящих; вход от 1 плательщиков на 53,700 KZT. Вне выборки потоки неизвестны."
100000008460102100,distributor,0.9,47,0.471517,"Признаки распределения: 31 получателей, 34 переводов, исходящие 476,570 KZT."
100000008461217100,peripheral,0.2,48,0.506688,"Граница 4-го колена: вход 18,000 KZT, исходящие дальше не наблюдаются; роль получателя не доказана."
100000008461532100,peripheral,0.2,14,0.795418,"Недостаточно признаков роли: входящих связей 2, исходящих 8, глубина 2."
100000008463968100,terminal,0.539166,22,0.147956,"Нет наблюдаемых исходящих; вход от 1 плательщиков на 10,000 KZT. Вне выборки потоки неизвестны."
100000008465789100,distributor,0.713333,4,0.687528,"Признаки распределения: 16 получателей, 17 переводов, исходящие 1,858,100 KZT."
100000008466579100,distributor,0.726667,4,0.740464,"Признаки распределения: 17 получателей, 20 переводов, исходящие 1,933,000 KZT."
100000008468762100,terminal,0.801813,46,0.657471,"Нет наблюдаемых исходящих; вход от 2 плательщиков на 170,000 KZT. Вне выборки потоки неизвестны."
100000008469048100,peripheral,0.2,0,0.535818,"Граница 4-го колена: вход 265,200 KZT, исходящие дальше не наблюдаются; роль получателя не доказана."
100000008470470100,terminal,0.656664,22,0.24101,"Нет наблюдаемых исходящих; вход от 1 плательщиков на 33,547 KZT. Вне выборки потоки неизвестны."
100000008471634100,peripheral,0.2,13,0.397022,"Граница 4-го колена: вход 20,000 KZT, исходящие дальше не наблюдаются; роль получателя не доказана."
100000008472324100,terminal,0.818223,10,0.462456,"Нет наблюдаемых исходящих; вход от 1 плательщиков на 205,200 KZT. Вне выборки потоки неизвестны."
100000008473207100,terminal,0.817407,2,0.661495,"Нет наблюдаемых исходящих; вход от 1 плательщиков на 202,000 KZT. Вне выборки потоки неизвестны."
100000008473765100,terminal,0.646328,8,0.353465,"Нет наблюдаемых исходящих; вход от 1 плательщиков на 30,000 KZT. Вне выборки потоки неизвестны."
100000008474308100,peripheral,0.2,7,0.352033,"Недостаточно признаков роли: входящих связей 1, исходящих 1, глубина 2."
100000008474391100,terminal,0.598368,29,0.372378,"Нет наблюдаемых исходящих; вход от 1 плательщиков на 20,000 KZT. Вне выборки потоки неизвестны."
100000008477350100,coordinator,0.88501,0,0.836299,"Признаки координации: доступен от 7 seed, связей между кластерами 4; посредничество 0.0027."
100000008478414100,terminal,0.539166,22,0.155808,"Нет наблюдаемых исходящих; вход от 1 плательщиков на 10,000 KZT. Вне выборки потоки неизвестны."
100000008486520100,peripheral,0.2,16,0.392852,"Недостаточно признаков роли: входящих связей 1, исходящих 1, глубина 1."
100000008488166100,terminal,0.514143,22,0.130404,"Нет наблюдаемых исходящих; вход от 1 плательщиков на 5,600 KZT. Вне выборки потоки неизвестны."
100000008489604100,terminal,0.548323,22,0.154302,"Нет наблюдаемых исходящих; вход от 1 плательщиков на 11,000 KZT. Вне выборки потоки неизвестны."
100000008489922100,coordinator,0.865286,4,0.880491,"Признаки координации: доступен от 8 seed, связей между кластерами 5; посредничество 0.0005."
100000008490127100,peripheral,0.2,10,0.710981,"Недостаточно признаков роли: входящих связей 1, исходящих 6, глубина 3."
100000008491390100,terminal,0.664189,0,0.349147,"Нет наблюдаемых исходящих; вход от 1 плательщиков на 36,000 KZT. Вне выборки потоки неизвестны."
100000008493007100,transit,0.9,22,0.216648,"Признаки транзита: вход 26,150, выход 26,150 KZT; наблюдаемое отношение 1.00."
100000008497298100,terminal,0.878513,4,0.415876,"Нет наблюдаемых исходящих; вход от 1 плательщиков на 600,000 KZT. Вне выборки потоки неизвестны."
100000008501413100,transit,0.86,53,0.463308,"Признаки транзита: вход 5,000, выход 5,100 KZT; наблюдаемое отношение 1.02."
100000008502995100,terminal,0.625023,0,0.409588,"Нет наблюдаемых исходящих; вход от 1 плательщиков на 25,000 KZT. Вне выборки потоки неизвестны."
100000008503177100,terminal,0.657389,8,0.362602,"Нет наблюдаемых исходящих; вход от 1 плательщиков на 33,951 KZT. Вне выборки потоки неизвестны."
100000008507703100,terminal,0.640073,22,0.223033,"Нет наблюдаемых исходящих; вход от 1 плательщиков на 28,500 KZT. Вне выборки потоки неизвестны."
100000008512552100,consolidator,0.66,28,0.75853,"Признаки консолидации: 4 плательщиков, вход 394,360 KZT; исходящие 1,302,275 KZT."
100000008512827100,distributor,0.633333,24,0.806338,"Признаки распределения: 10 получателей, 10 переводов, исходящие 1,944,500 KZT."
100000008513251100,peripheral,0.0,88,0.0,"Недостаточно признаков роли: входящих связей 0, исходящих 0, глубина 0."
100000008514970100,peripheral,0.2,35,0.394269,"Недостаточно признаков роли: входящих связей 1, исходящих 1, глубина 3."
100000008516839100,consolidator,0.62,49,0.755018,"Признаки консолидации: 3 плательщиков, вход 155,000 KZT; исходящие 0 KZT."
100000008517061100,peripheral,0.2,40,0.559096,"Граница 4-го колена: вход 1,844,000 KZT, исходящие дальше не наблюдаются; роль получателя не доказана."
100000008517538100,distributor,0.726667,4,0.795059,"Признаки распределения: 17 получателей, 18 переводов, исходящие 1,439,000 KZT."
100000008522127100,peripheral,0.2,59,0.047066,"Недостаточно признаков роли: входящих связей 0, исходящих 1, глубина 0."
100000008524903100,peripheral,0.2,0,0.339953,"Граница 4-го колена: вход 15,000 KZT, исходящие дальше не наблюдаются; роль получателя не доказана."
100000008525136100,peripheral,0.2,0,0.289024,"Граница 4-го колена: вход 14,100 KZT, исходящие дальше не наблюдаются; роль получателя не доказана."
100000008531133100,peripheral,0.2,16,0.523075,"Недостаточно признаков роли: входящих связей 1, исходящих 3, глубина 2."
100000008531186100,terminal,0.777879,2,0.590896,"Нет наблюдаемых исходящих; вход от 1 плательщиков на 125,000 KZT. Вне выборки потоки неизвестны."
100000008532050100,terminal,0.865005,10,0.506419,"Нет наблюдаемых исходящих; вход от 1 плательщиков на 455,156 KZT. Вне выборки потоки неизвестны."
100000008536546100,terminal,0.831188,46,0.680679,"Нет наблюдаемых исходящих; вход от 2 плательщиков на 250,000 KZT. Вне выборки потоки неизвестны."
100000008537380100,terminal,0.525567,22,0.138567,"Нет наблюдаемых исходящих; вход от 1 плательщиков на 8,000 KZT. Вне выборки потоки неизвестны."
100000008545727100,peripheral,0.2,18,0.711405,"Недостаточно признаков роли: входящих связей 1, исходящих 6, глубина 2."
100000008546855100,consolidator,0.74,43,0.694309,"Признаки консолидации: 6 плательщиков, вход 71,790 KZT; исходящие 10,000 KZT."
100000008547295100,terminal,0.567271,41,0.24675,"Нет наблюдаемых исходящих; вход от 1 плательщиков на 15,000 KZT. Вне выборки потоки неизвестны."
100000008547844100,coordinator,0.877909,4,0.835093,"Признаки координации: доступен от 8 seed, связей между кластерами 4; посредничество 0.0013."
100000008547948100,coordinator,0.87002,4,0.859044,"Признаки координации: доступен от 8 seed, связей между кластерами 5; посредничество 0.0007."
100000008548853100,terminal,0.560834,22,0.163567,"Нет наблюдаемых исходящих; вход от 1 плательщиков на 14,000 KZT. Вне выборки потоки неизвестны."
100000008551752100,peripheral,0.2,65,0.525281,"Граница 4-го колена: вход 406,000 KZT, исходящие дальше не наблюдаются; роль получателя не доказана."
100000008554390100,peripheral,0.2,47,0.182184,"Граница 4-го колена: вход 14,000 KZT, исходящие дальше не наблюдаются; роль получателя не доказана."
100000008555233100,terminal,0.862829,46,0.644078,"Нет наблюдаемых исходящих; вход от 1 плательщиков на 440,600 KZT. Вне выборки потоки неизвестны."
100000008555918100,peripheral,0.2,2,0.704158,"Недостаточно признаков роли: входящих связей 1, исходящих 2, глубина 1."
100000008556318100,terminal,0.805349,2,0.735985,"Нет наблюдаемых исходящих; вход от 2 плательщиков на 180,132 KZT. Вне выборки потоки неизвестны."
100000008557672100,terminal,0.693291,22,0.280094,"Нет наблюдаемых исходящих; вход от 1 плательщиков на 49,125 KZT. Вне выборки потоки неизвестны."
100000008560263100,peripheral,0.2,10,0.452623,"Граница 4-го колена: вход 100,000 KZT, исходящие дальше не наблюдаются; роль получателя не доказана."
100000008560717100,consolidator,0.78,10,0.685551,"Признаки консолидации: 7 плательщиков, вход 529,000 KZT; исходящие 25,000 KZT."
100000008561016100,transit,0.844444,4,0.608487,"Признаки транзита: вход 180,000, выход 185,000 KZT; наблюдаемое отношение 1.03."
100000008566737100,terminal,0.824207,0,0.724061,"Нет наблюдаемых исходящих; вход от 2 плательщиков на 230,000 KZT. Вне выборки потоки неизвестны."
100000008568512100,terminal,0.813509,10,0.458931,"Нет наблюдаемых исходящих; вход от 1 плательщиков на 199,640 KZT. Вне выборки потоки неизвестны."
100000008571243100,terminal,0.782321,18,0.572987,"Нет наблюдаемых исходящих; вход от 1 плательщиков на 134,000 KZT. Вне выборки потоки неизвестны."
100000008571433100,peripheral,0.2,58,0.487478,"Недостаточно признаков роли: входящих связей 2, исходящих 2, глубина 0."
100000008571443100,terminal,0.723481,12,0.521445,"Нет наблюдаемых исходящих; вход от 2 плательщиков на 65,000 KZT. Вне выборки потоки неизвестны."
100000008575624100,peripheral,0.2,71,0.14332,"Недостаточно признаков роли: входящих связей 0, исходящих 3, глубина 0."
100000008576243100,terminal,0.74243,0,0.67049,"Нет наблюдаемых исходящих; вход от 2 плательщиков на 82,920 KZT. Вне выборки потоки неизвестны."
100000008576528100,terminal,0.638713,10,0.329799,"Нет наблюдаемых исходящих; вход от 1 плательщиков на 28,000 KZT. Вне выборки потоки неизвестны."
100000008579978100,peripheral,0.2,10,0.378509,"Недостаточно признаков роли: входящих связей 1, исходящих 1, глубина 3."
100000008582730100,transit,0.9,43,0.33737,"Признаки транзита: вход 5,000, выход 5,000 KZT; наблюдаемое отношение 1.00."
100000008583360100,peripheral,0.2,18,0.502817,"Недостаточно признаков роли: входящих связей 1, исходящих 1, глубина 3."
100000008583971100,peripheral,0.2,0,0.515239,"Граница 4-го колена: вход 51,000 KZT, исходящие дальше не наблюдаются; роль получателя не доказана."
100000008586731100,terminal,0.551315,7,0.157061,"Нет наблюдаемых исходящих; вход от 1 плательщиков на 12,000 KZT. Вне выборки потоки неизвестны."
100000008587459100,peripheral,0.2,0,0.651746,"Недостаточно признаков роли: входящих связей 2, исходящих 2, глубина 2."
100000008588665100,peripheral,0.2,0,0.380985,"Граница 4-го колена: вход 25,000 KZT, исходящие дальше не наблюдаются; роль получателя не доказана."
100000008595687100,peripheral,0.2,16,0.421921,"Недостаточно признаков роли: входящих связей 1, исходящих 1, глубина 3."
100000008596924100,terminal,0.760925,41,0.353237,"Нет наблюдаемых исходящих; вход от 1 плательщиков на 100,000 KZT. Вне выборки потоки неизвестны."
100000008598972100,terminal,0.776337,35,0.319453,"Нет наблюдаемых исходящих; вход от 1 плательщиков на 120,000 KZT. Вне выборки потоки неизвестны."
100000008599354100,peripheral,0.2,0,0.497189,"Недостаточно признаков роли: входящих связей 1, исходящих 1, глубина 3."
100000008601794100,peripheral,0.2,39,0.50074,"Недостаточно признаков роли: входящих связей 2, исходящих 1, глубина 0."
100000008603331100,peripheral,0.2,4,0.62401,"Недостаточно признаков роли: входящих связей 2, исходящих 6, глубина 2."
100000008603629100,coordinator,0.889744,8,0.849818,"Признаки координации: доступен от 7 seed, связей между кластерами 9; посредничество 0.0035."
100000008612257100,terminal,0.531369,28,0.266847,"Нет наблюдаемых исходящих; вход от 1 плательщиков на 9,500 KZT. Вне выборки потоки неизвестны."
100000008619159100,peripheral,0.2,70,0.530621,"Граница 4-го колена: вход 446,400 KZT, исходящие дальше не наблюдаются; роль получателя не доказана."
100000008619857100,peripheral,0.2,0,0.373224,"Недостаточно признаков роли: входящих связей 1, исходящих 2, глубина 3."
100000008620570100,peripheral,0.2,8,0.643169,"Недостаточно признаков роли: входящих связей 2, исходящих 2, глубина 3."
100000008624978100,terminal,0.769175,35,0.558372,"Нет наблюдаемых исходящих; вход от 1 плательщиков на 109,000 KZT. Вне выборки потоки неизвестны."
100000008625905100,peripheral,0.2,45,0.637499,"Недостаточно признаков роли: входящих связей 1, исходящих 2, глубина 3."
100000008628231100,peripheral,0.2,74,0.631215,"Недостаточно признаков роли: входящих связей 1, исходящих 2, глубина 1."
100000008628818100,peripheral,0.2,18,0.397521,"Граница 4-го колена: вход 46,310 KZT, исходящие дальше не наблюдаются; роль получателя не доказана."
100000008629504100,peripheral,0.2,0,0.341906,"Граница 4-го колена: вход 20,000 KZT, исходящие дальше не наблюдаются; роль получателя не доказана."
100000008629581100,terminal,0.709973,2,0.513141,"Нет наблюдаемых исходящих; вход от 1 плательщиков на 54,184 KZT. Вне выборки потоки неизвестны."
100000008631800100,peripheral,0.2,47,0.177644,"Граница 4-го колена: вход 12,850 KZT, исходящие дальше не наблюдаются; роль получателя не доказана."
100000008632060100,peripheral,0.2,0,0.448715,"Недостаточно признаков роли: входящих связей 1, исходящих 9, глубина 3."
100000008633099100,peripheral,0.2,1,0.356479,"Недостаточно признаков роли: входящих связей 1, исходящих 1, глубина 3."
100000008634520100,terminal,0.749048,4,0.521326,"Нет наблюдаемых исходящих; вход от 1 плательщиков на 90,000 KZT. Вне выборки потоки неизвестны."
100000008636603100,coordinator,0.887377,16,0.638816,"Признаки координации: доступен от 7 seed, связей между кластерами 4; посредничество 0.0028."
100000008637537100,consolidator,0.62,51,0.89545,"Признаки консолидации: 3 плательщиков, вход 619,890 KZT; исходящие 2,351,495 KZT."
100000008638859100,peripheral,0.2,43,0.53397,"Граница 4-го колена: вход 34,000 KZT, исходящие дальше не наблюдаются; роль получателя не доказана."
100000008647905100,peripheral,0.2,43,0.528919,"Недостаточно признаков роли: входящих связей 1, исходящих 2, глубина 2."
100000008648783100,peripheral,0.2,47,0.135094,"Граница 4-го колена: вход 5,200 KZT, исходящие дальше не наблюдаются; роль получателя не доказана."
100000008649416100,peripheral,0.2,28,0.324492,"Граница 4-го колена: вход 5,000 KZT, исходящие дальше не наблюдаются; роль получателя не доказана."
100000008650785100,peripheral,0.2,16,0.733248,"Недостаточно признаков роли: входящих связей 2, исходящих 2, глубина 0."
100000008652094100,terminal,0.661197,0,0.34701,"Нет наблюдаемых исходящих; вход от 1 плательщиков на 35,000 KZT. Вне выборки потоки неизвестны."
100000008653041100,terminal,0.638713,22,0.221739,"Нет наблюдаемых исходящих; вход от 1 плательщиков на 28,000 KZT. Вне выборки потоки неизвестны."
100000008654653100,peripheral,0.2,16,0.047066,"Недостаточно признаков роли: входящих связей 0, исходящих 1, глубина 0."
100000008655035100,terminal,0.646328,1,0.334037,"Нет наблюдаемых исходящих; вход от 1 плательщиков на 30,000 KZT. Вне выборки потоки неизвестны."
100000008655779100,peripheral,0.2,15,0.559446,"Недостаточно признаков роли: входящих связей 1, исходящих 2, глубина 3."
100000008656043100,terminal,0.633726,22,0.231033,"Нет наблюдаемых исходящих; вход от 1 плательщиков на 26,200 KZT. Вне выборки потоки неизвестны."
100000008659445100,consolidator,0.62,9,0.463906,"Признаки консолидации: 3 плательщиков, вход 138,490 KZT; исходящие 875,150 KZT."
100000008659950100,terminal,0.829918,4,0.591265,"Нет наблюдаемых исходящих; вход от 1 плательщиков на 246,000 KZT. Вне выборки потоки неизвестны."
100000008661550100,terminal,0.611514,22,0.201225,"Нет наблюдаемых исходящих; вход от 1 плательщиков на 22,800 KZT. Вне выборки потоки неизвестны."
100000008661585100,terminal,0.678422,22,0.259235,"Нет наблюдаемых исходящих; вход от 1 плательщиков на 43,141 KZT. Вне выборки потоки неизвестны."
100000008662216100,terminal,0.633726,22,0.217799,"Нет наблюдаемых исходящих; вход от 1 плательщиков на 26,200 KZT. Вне выборки потоки неизвестны."
100000008662805100,terminal,0.577425,22,0.175338,"Нет наблюдаемых исходящих; вход от 1 плательщиков на 16,500 KZT. Вне выборки потоки неизвестны."
100000008663007100,terminal,0.560834,22,0.16677,"Нет наблюдаемых исходящих; вход от 1 плательщиков на 14,000 KZT. Вне выборки потоки неизвестны."
100000008663723100,terminal,0.572892,22,0.171682,"Нет наблюдаемых исходящих; вход от 1 плательщиков на 15,600 KZT. Вне выборки потоки неизвестны."
100000008664469100,terminal,0.625023,2,0.465132,"Нет наблюдаемых исходящих; вход от 1 плательщиков на 25,000 KZT. Вне выборки потоки неизвестны."
100000008664774100,terminal,0.576428,22,0.174559,"Нет наблюдаемых исходящих; вход от 1 плательщиков на 16,300 KZT. Вне выборки потоки неизвестны."
100000008665380100,peripheral,0.2,0,0.528008,"Недостаточно признаков роли: входящих связей 2, исходящих 1, глубина 1."
100000008666075100,terminal,0.634723,22,0.222982,"Нет наблюдаемых исходящих; вход от 1 плательщиков на 26,217 KZT. Вне выборки потоки неизвестны."
100000008667058100,terminal,0.584044,22,0.184746,"Нет наблюдаемых исходящих; вход от 1 плательщиков на 17,534 KZT. Вне выборки потоки неизвестны."
100000008667795100,terminal,0.658114,22,0.236912,"Нет наблюдаемых исходящих; вход от 1 плательщиков на 34,000 KZT. Вне выборки потоки неизвестны."
100000008667799100,terminal,0.658114,22,0.236912,"Нет наблюдаемых исходящих; вход от 1 плательщиков на 34,000 KZT. Вне выборки потоки неизвестны."
100000008668099100,terminal,0.573799,22,0.172426,"Нет наблюдаемых исходящих; вход от 1 плательщиков на 15,700 KZT. Вне выборки потоки неизвестны."
100000008669037100,peripheral,0.0,89,0.0,"Недостаточно признаков роли: входящих связей 0, исходящих 0, глубина 0."
100000008669310100,terminal,0.716138,0,0.387576,"Нет наблюдаемых исходящих; вход от 1 плательщиков на 59,567 KZT. Вне выборки потоки неизвестны."
100000008670667100,terminal,0.571895,22,0.175418,"Нет наблюдаемых исходящих; вход от 1 плательщиков на 15,534 KZT. Вне выборки потоки неизвестны."
100000008671026100,terminal,0.615231,22,0.209042,"Нет наблюдаемых исходящих; вход от 1 плательщиков на 23,534 KZT. Вне выборки потоки неизвестны."
100000008671081100,terminal,0.666455,22,0.243971,"Нет наблюдаемых исходящих; вход от 1 плательщиков на 37,200 KZT. Вне выборки потоки неизвестны."
100000008671129100,terminal,0.633726,22,0.217799,"Нет наблюдаемых исходящих; вход от 1 плательщиков на 26,200 KZT. Вне выборки потоки неизвестны."
100000008671929100,terminal,0.734451,2,0.553364,"Нет наблюдаемых исходящих; вход от 1 плательщиков на 75,000 KZT. Вне выборки потоки неизвестны."
100000008672162100,terminal,0.572439,22,0.175869,"Нет наблюдаемых исходящих; вход от 1 плательщиков на 15,550 KZT. Вне выборки потоки неизвестны."
100000008672200100,terminal,0.528105,22,0.141844,"Нет наблюдаемых исходящих; вход от 1 плательщиков на 8,511 KZT. Вне выборки потоки неизвестны."
100000008672480100,terminal,0.556754,22,0.170759,"Нет наблюдаемых исходящих; вход от 1 плательщиков на 13,000 KZT. Вне выборки потоки неизвестны."
100000008672493100,terminal,0.560834,22,0.163567,"Нет наблюдаемых исходящих; вход от 1 плательщиков на 14,000 KZT. Вне выборки потоки неизвестны."
100000008672603100,terminal,0.607253,2,0.431414,"Нет наблюдаемых исходящих; вход от 1 плательщиков на 21,200 KZT. Вне выборки потоки неизвестны."
100000008672762100,terminal,0.556754,22,0.170759,"Нет наблюдаемых исходящих; вход от 1 плательщиков на 13,000 KZT. Вне выборки потоки неизвестны."
100000008673001100,peripheral,0.2,49,0.343467,"Недостаточно признаков роли: входящих связей 1, исходящих 0, глубина 0."
100000008675322100,peripheral,0.2,20,0.511546,"Граница 4-го колена: вход 340,000 KZT, исходящие дальше не наблюдаются; роль получателя не доказана."
100000008676812100,terminal,0.824569,43,0.518291,"Нет наблюдаемых исходящих; вход от 1 плательщиков на 230,800 KZT. Вне выборки потоки неизвестны."
100000008677215100,terminal,0.529556,29,0.3013,"Нет наблюдаемых исходящих; вход от 1 плательщиков на 9,000 KZT. Вне выборки потоки неизвестны."
100000008677368100,peripheral,0.2,1,0.358361,"Граница 4-го колена: вход 13,500 KZT, исходящие дальше не наблюдаются; роль получателя не доказана."
100000008677518100,terminal,0.692203,22,0.264512,"Нет наблюдаемых исходящих; вход от 1 плательщиков на 48,700 KZT. Вне выборки потоки неизвестны."
100000008679986100,terminal,0.591296,22,0.190569,"Нет наблюдаемых исходящих; вход от 1 плательщиков на 19,000 KZT. Вне выборки потоки неизвестны."
100000008680061100,peripheral,0.2,10,0.397742,"Граница 4-го колена: вход 41,300 KZT, исходящие дальше не наблюдаются; роль получателя не доказана."
100000008680451100,terminal,0.615231,22,0.209042,"Нет наблюдаемых исходящих; вход от 1 плательщиков на 23,534 KZT. Вне выборки потоки неизвестны."
100000008680731100,distributor,0.86,7,0.195769,"Признаки распределения: 27 получателей, 28 переводов, исходящие 1,464,354 KZT."
100000008680912100,peripheral,0.2,0,0.436621,"Недостаточно признаков роли: входящих связей 1, исходящих 1, глубина 3."
100000008682426100,terminal,0.598368,40,0.3222,"Нет наблюдаемых исходящих; вход от 1 плательщиков на 20,000 KZT. Вне выборки потоки неизвестны."
100000008683818100,terminal,0.582502,22,0.191812,"Нет наблюдаемых исходящих; вход от 1 плательщиков на 17,400 KZT. Вне выборки потоки неизвестны."
100000008684452100,terminal,0.704714,22,0.273666,"Нет наблюдаемых исходящих; вход от 1 плательщиков на 51,800 KZT. Вне выборки потоки неизвестны."
100000008684767100,terminal,0.652221,22,0.231761,"Нет наблюдаемых исходящих; вход от 1 плательщиков на 31,100 KZT. Вне выборки потоки неизвестны."
100000008684951100,terminal,0.581414,22,0.178276,"Нет наблюдаемых исходящих; вход от 1 плательщиков на 17,200 KZT. Вне выборки потоки неизвестны."
100000008686214100,terminal,0.625023,8,0.352515,"Нет наблюдаемых исходящих; вход от 1 плательщиков на 25,000 KZT. Вне выборки потоки неизвестны."
100000008686234100,terminal,0.670626,0,0.372076,"Нет наблюдаемых исходящих; вход от 1 плательщиков на 39,778 KZT. Вне выборки потоки неизвестны."
100000008686247100,peripheral,0.2,21,0.236852,"Недостаточно признаков роли: входящих связей 1, исходящих 1, глубина 3."
100000008686313100,consolidator,0.74,0,0.81306,"Признаки консолидации: 6 плательщиков, вход 1,912,716 KZT; исходящие 333,800 KZT."
100000008686494100,terminal,0.573799,22,0.172426,"Нет наблюдаемых исходящих; вход от 1 плательщиков на 15,700 KZT. Вне выборки потоки неизвестны."
100000008687492100,terminal,0.567271,22,0.179534,"Нет наблюдаемых исходящих; вход от 1 плательщиков на 15,000 KZT. Вне выборки потоки неизвестны."
100000008687617100,terminal,0.678604,22,0.254099,"Нет наблюдаемых исходящих; вход от 1 плательщиков на 43,350 KZT. Вне выборки потоки неизвестны."
100000008687671100,terminal,0.666908,22,0.249414,"Нет наблюдаемых исходящих; вход от 1 плательщиков на 37,500 KZT. Вне выборки потоки неизвестны."
100000008687733100,terminal,0.563645,22,0.165568,"Нет наблюдаемых исходящих; вход от 1 плательщиков на 14,650 KZT. Вне выборки потоки неизвестны."
100000008687990100,terminal,0.584859,22,0.180874,"Нет наблюдаемых исходящих; вход от 1 плательщиков на 17,600 KZT. Вне выборки потоки неизвестны."
100000008688109100,terminal,0.555666,22,0.159826,"Нет наблюдаемых исходящих; вход от 1 плательщиков на 12,800 KZT. Вне выборки потоки неизвестны."
100000008688155100,terminal,0.615594,22,0.204598,"Нет наблюдаемых исходящих; вход от 1 плательщиков на 23,600 KZT. Вне выборки потоки неизвестны."
100000008688476100,terminal,0.618858,22,0.220228,"Нет наблюдаемых исходящих; вход от 1 плательщиков на 24,000 KZT. Вне выборки потоки неизвестны."
100000008688881100,terminal,0.679692,22,0.269459,"Нет наблюдаемых исходящих; вход от 1 плательщиков на 44,211 KZT. Вне выборки потоки неизвестны."
100000008690762100,terminal,0.63563,22,0.219278,"Нет наблюдаемых исходящих; вход от 1 плательщиков на 26,750 KZT. Вне выборки потоки неизвестны."
100000008690932100,terminal,0.612149,22,0.206604,"Нет наблюдаемых исходящих; вход от 1 плательщиков на 23,000 KZT. Вне выборки потоки неизвестны."
100000008691027100,terminal,0.584044,22,0.184746,"Нет наблюдаемых исходящих; вход от 1 плательщиков на 17,534 KZT. Вне выборки потоки неизвестны."
100000008691168100,terminal,0.618858,22,0.220228,"Нет наблюдаемых исходящих; вход от 1 плательщиков на 24,000 KZT. Вне выборки потоки неизвестны."
100000008691330100,terminal,0.607706,22,0.202938,"Нет наблюдаемых исходящих; вход от 1 плательщиков на 21,440 KZT. Вне выборки потоки неизвестны."
100000008691495100,terminal,0.636718,22,0.224851,"Нет наблюдаемых исходящих; вход от 1 плательщиков на 27,000 KZT. Вне выборки потоки неизвестны."
100000008692291100,transit,0.85,4,0.763453,"Признаки транзита: вход 160,000, выход 156,000 KZT; наблюдаемое отношение 0.97."
100000008693069100,terminal,0.598368,22,0.196078,"Нет наблюдаемых исходящих; вход от 1 плательщиков на 20,000 KZT. Вне выборки потоки неизвестны."
100000008695133100,terminal,0.664823,22,0.242729,"Нет наблюдаемых исходящих; вход от 1 плательщиков на 36,610 KZT. Вне выборки потоки неизвестны."
100000008695157100,peripheral,0.2,8,0.54276,"Граница 4-го колена: вход 425,546 KZT, исходящие дальше не наблюдаются; роль получателя не доказана."
100000008695495100,terminal,0.606074,22,0.201495,"Нет наблюдаемых исходящих; вход от 1 плательщиков на 21,000 KZT. Вне выборки потоки неизвестны."
100000008695566100,terminal,0.657026,22,0.236032,"Нет наблюдаемых исходящих; вход от 1 плательщиков на 33,700 KZT. Вне выборки потоки неизвестны."
100000008695689100,terminal,0.633726,22,0.217799,"Нет наблюдаемых исходящих; вход от 1 плательщиков на 26,200 KZT. Вне выборки потоки неизвестны."
100000008696692100,terminal,0.591296,22,0.198554,"Нет наблюдаемых исходящих; вход от 1 плательщиков на 19,000 KZT. Вне выборки потоки неизвестны."
100000008696919100,terminal,0.653944,22,0.238553,"Нет наблюдаемых исходящих; вход от 1 плательщиков на 31,945 KZT. Вне выборки потоки неизвестны."
100000008697670100,terminal,0.628921,22,0.214018,"Нет наблюдаемых исходящих; вход от 1 плательщиков на 25,350 KZT. Вне выборки потоки неизвестны."
100000008699083100,peripheral,0.2,24,0.579751,"Граница 4-го колена: вход 238,500 KZT, исходящие дальше не наблюдаются; роль получателя не доказана."
100000008701222100,peripheral,0.0,90,0.0,"Недостаточно признаков роли: входящих связей 0, исходящих 0, глубина 0."
100000008701256100,terminal,0.715413,0,0.417105,"Нет наблюдаемых исходящих; вход от 1 плательщиков на 58,250 KZT. Вне выборки потоки неизвестны."
100000008701944100,terminal,0.705258,3,0.359125,"Нет наблюдаемых исходящих; вход от 1 плательщиков на 52,124 KZT. Вне выборки потоки неизвестны."
100000008703533100,peripheral,0.2,4,0.508022,"Граница 4-го колена: вход 75,000 KZT, исходящие дальше не наблюдаются; роль получателя не доказана."
100000008706846100,terminal,0.562466,22,0.164654,"Нет наблюдаемых исходящих; вход от 1 плательщиков на 14,200 KZT. Вне выборки потоки неизвестны."
100000008706947100,terminal,0.581414,22,0.178276,"Нет наблюдаемых исходящих; вход от 1 плательщиков на 17,200 KZT. Вне выборки потоки неизвестны."
100000008707810100,terminal,0.633726,22,0.217799,"Нет наблюдаемых исходящих; вход от 1 плательщиков на 26,200 KZT. Вне выборки потоки неизвестны."
100000008708025100,terminal,0.539166,15,0.310888,"Нет наблюдаемых исходящих; вход от 1 плательщиков на 10,000 KZT. Вне выборки потоки неизвестны."
100000008708061100,terminal,0.528286,22,0.140801,"Нет наблюдаемых исходящих; вход от 1 плательщиков на 8,650 KZT. Вне выборки потоки неизвестны."
100000008708207100,terminal,0.866092,4,0.736429,"Нет наблюдаемых исходящих; вход от 2 плательщиков на 465,000 KZT. Вне выборки потоки неизвестны."
100000008708368100,terminal,0.616591,22,0.210115,"Нет наблюдаемых исходящих; вход от 1 плательщиков на 23,677 KZT. Вне выборки потоки неизвестны."
100000008708595100,terminal,0.581414,22,0.178276,"Нет наблюдаемых исходящих; вход от 1 плательщиков на 17,200 KZT. Вне выборки потоки неизвестны."
100000008708743100,terminal,0.572439,22,0.171332,"Нет наблюдаемых исходящих; вход от 1 плательщиков на 15,550 KZT. Вне выборки потоки неизвестны."
100000008710791100,distributor,0.806667,4,0.844482,"Признаки распределения: 23 получателей, 25 переводов, исходящие 5,521,511 KZT."
100000008710843100,coordinator,0.876331,46,0.701525,"Признаки координации: доступен от 8 seed, связей между кластерами 4; посредничество 0.0011."
100000008710913100,peripheral,0.2,4,0.37678,"Граница 4-го колена: вход 14,000 KZT, исходящие дальше не наблюдаются; роль получателя не доказана."
100000008712036100,terminal,0.606074,22,0.197025,"Нет наблюдаемых исходящих; вход от 1 плательщиков на 21,000 KZT. Вне выборки потоки неизвестны."
100000008712184100,terminal,0.58767,22,0.18312,"Нет наблюдаемых исходящих; вход от 1 плательщиков на 18,000 KZT. Вне выборки потоки неизвестны."
100000008712827100,terminal,0.736537,22,0.300494,"Нет наблюдаемых исходящих; вход от 1 плательщиков на 76,000 KZT. Вне выборки потоки неизвестны."
100000008712991100,terminal,0.724841,22,0.290649,"Нет наблюдаемых исходящих; вход от 1 плательщиков на 66,100 KZT. Вне выборки потоки неизвестны."
100000008713270100,peripheral,0.2,41,0.305316,"Недостаточно признаков роли: входящих связей 1, исходящих 3, глубина 2."
100000008713685100,terminal,0.694379,22,0.266317,"Нет наблюдаемых исходящих; вход от 1 плательщиков на 49,700 KZT. Вне выборки потоки неизвестны."
100000008714412100,terminal,0.80136,18,0.588934,"Нет наблюдаемых исходящих; вход от 1 плательщиков на 169,000 KZT. Вне выборки потоки неизвестны."
100000008715513100,peripheral,0.2,47,0.257108,"Граница 4-го колена: вход 32,500 KZT, исходящие дальше не наблюдаются; роль получателя не доказана."
100000008715887100,terminal,0.58767,22,0.18312,"Нет наблюдаемых исходящих; вход от 1 плательщиков на 18,000 KZT. Вне выборки потоки неизвестны."
100000008716072100,terminal,0.552403,22,0.157341,"Нет наблюдаемых исходящих; вход от 1 плательщиков на 12,100 KZT. Вне выборки потоки неизвестны."
100000008716222100,terminal,0.58767,22,0.187657,"Нет наблюдаемых исходящих; вход от 1 плательщиков на 18,000 KZT. Вне выборки потоки неизвестны."
100000008716439100,terminal,0.553309,22,0.160221,"Нет наблюдаемых исходящих; вход от 1 плательщиков на 12,267 KZT. Вне выборки потоки неизвестны."
100000008716773100,terminal,0.573345,22,0.176725,"Нет наблюдаемых исходящих; вход от 1 плательщиков на 15,677 KZT. Вне выборки потоки неизвестны."
100000008717340100,terminal,0.676428,22,0.257232,"Нет наблюдаемых исходящих; вход от 1 плательщиков на 41,500 KZT. Вне выборки потоки неизвестны."
100000008717341100,terminal,0.563282,22,0.168856,"Нет наблюдаемых исходящих; вход от 1 плательщиков на 14,627 KZT. Вне выборки потоки неизвестны."
100000008717375100,terminal,0.64252,2,0.459951,"Нет наблюдаемых исходящих; вход от 1 плательщиков на 29,506 KZT. Вне выборки потоки неизвестны."
100000008717802100,terminal,0.632276,22,0.216648,"Нет наблюдаемых исходящих; вход от 1 плательщиков на 26,150 KZT. Вне выборки потоки неизвестны."
100000008718089100,terminal,0.571895,22,0.175418,"Нет наблюдаемых исходящих; вход от 1 плательщиков на 15,534 KZT. Вне выборки потоки неизвестны."
100000008718811100,terminal,0.733182,22,0.297686,"Нет наблюдаемых исходящих; вход от 1 плательщиков на 73,300 KZT. Вне выборки потоки неизвестны."
100000008720668100,terminal,0.57534,22,0.173568,"Нет наблюдаемых исходящих; вход от 1 плательщиков на 16,000 KZT. Вне выборки потоки неизвестны."
100000008720798100,terminal,0.571895,22,0.175418,"Нет наблюдаемых исходящих; вход от 1 плательщиков на 15,534 KZT. Вне выборки потоки неизвестны."
100000008720856100,peripheral,0.2,10,0.385425,"Недостаточно признаков роли: входящих связей 1, исходящих 1, глубина 3."
100000008721637100,peripheral,0.2,41,0.471345,"Недостаточно признаков роли: входящих связей 1, исходящих 2, глубина 3."
100000008722328100,terminal,0.616591,22,0.210115,"Нет наблюдаемых исходящих; вход от 1 плательщиков на 23,677 KZT. Вне выборки потоки неизвестны."
100000008722417100,peripheral,0.2,10,0.646768,"Недостаточно признаков роли: входящих связей 1, исходящих 3, глубина 3."
100000008722541100,peripheral,0.2,10,0.51907,"Граница 4-го колена: вход 280,000 KZT, исходящие дальше не наблюдаются; роль получателя не доказана."
100000008723830100,transit,0.879186,16,0.65592,"Признаки транзита: вход 459,785, выход 455,000 KZT; наблюдаемое отношение 0.99."
100000008724279100,terminal,0.550045,16,0.275361,"Нет наблюдаемых исходящих; вход от 1 плательщиков на 11,750 KZT. Вне выборки потоки неизвестны."
100000008724461100,peripheral,0.2,4,0.572458,"Недостаточно признаков роли: входящих связей 1, исходящих 1, глубина 3."
100000008727982100,peripheral,0.2,41,0.288198,"Граница 4-го колена: вход 30,000 KZT, исходящие дальше не наблюдаются; роль получателя не доказана."
100000008728457100,terminal,0.682502,11,0.468703,"Нет наблюдаемых исходящих; вход от 1 плательщиков на 45,000 KZT. Вне выборки потоки неизвестны."
100000008729597100,terminal,0.742611,8,0.432592,"Нет наблюдаемых исходящих; вход от 1 плательщиков на 83,090 KZT. Вне выборки потоки неизвестны."
100000008729801100,terminal,0.584044,22,0.184746,"Нет наблюдаемых исходящих; вход от 1 плательщиков на 17,534 KZT. Вне выборки потоки неизвестны."
100000008730021100,terminal,0.735721,3,0.381945,"Нет наблюдаемых исходящих; вход от 1 плательщиков на 75,555 KZT. Вне выборки потоки неизвестны."
100000008730238100,peripheral,0.2,4,0.587228,"Граница 4-го колена: вход 113,000 KZT, исходящие дальше не наблюдаются; роль получателя не доказана."
100000008730371100,terminal,0.873073,0,0.657467,"Нет наблюдаемых исходящих; вход от 2 плательщиков на 520,000 KZT. Вне выборки потоки неизвестны."
100000008730846100,consolidator,0.78,11,0.831253,"Признаки консолидации: 7 плательщиков, вход 155,042 KZT; исходящие 363,370 KZT."
100000008731444100,consolidator,0.62,0,0.750908,"Признаки консолидации: 3 плательщиков, вход 439,000 KZT; исходящие 879,768 KZT."
100000008732098100,terminal,0.573345,22,0.176725,"Нет наблюдаемых исходящих; вход от 1 плательщиков на 15,677 KZT. Вне выборки потоки неизвестны."
100000008732488100,peripheral,0.2,8,0.502904,"Недостаточно признаков роли: входящих связей 1, исходящих 1, глубина 3."
100000008733049100,terminal,0.539166,3,0.275879,"Нет наблюдаемых исходящих; вход от 1 плательщиков на 10,000 KZT. Вне выборки потоки неизвестны."
100000008733194100,consolidator,0.66,12,0.762572,"Признаки консолидации: 4 плательщиков, вход 251,424 KZT; исходящие 159,695 KZT."
100000008734279100,peripheral,0.2,8,0.375747,"Граница 4-го колена: вход 31,650 KZT, исходящие дальше не наблюдаются; роль получателя не доказана."
100000008734364100,terminal,0.633726,22,0.231033,"Нет наблюдаемых исходящих; вход от 1 плательщиков на 26,200 KZT. Вне выборки потоки неизвестны."
100000008735384100,terminal,0.669538,22,0.252125,"Нет наблюдаемых исходящих; вход от 1 плательщиков на 39,220 KZT. Вне выборки потоки неизвестны."
100000008735802100,peripheral,0.2,0,0.470691,"Граница 4-го колена: вход 85,000 KZT, исходящие дальше не наблюдаются; роль получателя не доказана."
100000008735832100,terminal,0.584859,22,0.180874,"Нет наблюдаемых исходящих; вход от 1 плательщиков на 17,600 KZT. Вне выборки потоки неизвестны."
100000008736173100,terminal,0.651768,22,0.236615,"Нет наблюдаемых исходящих; вход от 1 плательщиков на 31,060 KZT. Вне выборки потоки неизвестны."
100000008736394100,terminal,0.57534,22,0.185534,"Нет наблюдаемых исходящих; вход от 1 плательщиков на 16,000 KZT. Вне выборки потоки неизвестны."
100000008736760100,terminal,0.710517,22,0.283743,"Нет наблюдаемых исходящих; вход от 1 плательщиков на 54,757 KZT. Вне выборки потоки неизвестны."
100000008736940100,consolidator,0.62,9,0.55251,"Признаки консолидации: 3 плательщиков, вход 451,090 KZT; исходящие 182,100 KZT."
100000008737422100,terminal,0.737353,22,0.307099,"Нет наблюдаемых исходящих; вход от 1 плательщиков на 76,903 KZT. Вне выборки потоки неизвестны."
100000008737514100,terminal,0.744424,3,0.441732,"Нет наблюдаемых исходящих; вход от 1 плательщиков на 85,000 KZT. Вне выборки потоки неизвестны."
100000008737958100,terminal,0.70816,22,0.376762,"Нет наблюдаемых исходящих; вход от 2 плательщиков на 53,373 KZT. Вне выборки потоки неизвестны."
100000008738325100,peripheral,0.2,49,0.300355,"Недостаточно признаков роли: входящих связей 1, исходящих 1, глубина 0."
100000008738526100,peripheral,0.2,46,0.414718,"Недостаточно признаков роли: входящих связей 1, исходящих 1, глубина 3."
100000008738658100,terminal,0.642883,22,0.225413,"Нет наблюдаемых исходящих; вход от 1 плательщиков на 29,920 KZT. Вне выборки потоки неизвестны."
100000008739887100,peripheral,0.2,8,0.665131,"Недостаточно признаков роли: входящих связей 2, исходящих 2, глубина 3."
100000008740295100,peripheral,0.2,4,0.600723,"Граница 4-го колена: вход 300,000 KZT, исходящие дальше не наблюдаются; роль получателя не доказана."
100000008740793100,terminal,0.606074,22,0.197025,"Нет наблюдаемых исходящих; вход от 1 плательщиков на 21,000 KZT. Вне выборки потоки неизвестны."
100000008741372100,terminal,0.663735,22,0.246542,"Нет наблюдаемых исходящих; вход от 1 плательщиков на 35,975 KZT. Вне выборки потоки неизвестны."
100000008742053100,distributor,0.66,24,0.576036,"Признаки распределения: 12 получателей, 12 переводов, исходящие 2,789,000 KZT."
100000008742266100,terminal,0.606074,22,0.209792,"Нет наблюдаемых исходящих; вход от 1 плательщиков на 21,000 KZT. Вне выборки потоки неизвестны."
100000008743913100,distributor,0.673333,46,0.827534,"Признаки распределения: 13 получателей, 13 переводов, исходящие 1,850,600 KZT."
100000008744364100,terminal,0.617135,22,0.205806,"Нет наблюдаемых исходящих; вход от 1 плательщиков на 23,700 KZT. Вне выборки потоки неизвестны."
100000008744799100,terminal,0.555122,22,0.159219,"Нет наблюдаемых исходящих; вход от 1 плательщиков на 12,600 KZT. Вне выборки потоки неизвестны."
100000008744849100,terminal,0.680236,22,0.260991,"Нет наблюдаемых исходящих; вход от 1 плательщиков на 44,445 KZT. Вне выборки потоки неизвестны."
100000008745474100,terminal,0.674977,22,0.256014,"Нет наблюдаемых исходящих; вход от 1 плательщиков на 40,559 KZT. Вне выборки потоки неизвестны."
100000008745489100,terminal,0.712511,22,0.285212,"Нет наблюдаемых исходящих; вход от 1 плательщиков на 55,539 KZT. Вне выборки потоки неизвестны."
100000008745643100,terminal,0.60408,22,0.199871,"Нет наблюдаемых исходящих; вход от 1 плательщиков на 20,313 KZT. Вне выборки потоки неизвестны."
100000008745676100,peripheral,0.2,22,0.297894,"Граница 4-го колена: вход 34,547 KZT, исходящие дальше не наблюдаются; роль получателя не доказана."
100000008745725100,terminal,0.688667,22,0.267128,"Нет наблюдаемых исходящих; вход от 1 плательщиков на 47,060 KZT. Вне выборки потоки неизвестны."
100000008745863100,terminal,0.611695,22,0.201472,"Нет наблюдаемых исходящих; вход от 1 плательщиков на 22,900 KZT. Вне выборки потоки неизвестны."
100000008745884100,terminal,0.598368,22,0.191207,"Нет наблюдаемых исходящих; вход от 1 плательщиков на 20,000 KZT. Вне выборки потоки неизвестны."
100000008746025100,terminal,0.609157,22,0.204156,"Нет наблюдаемых исходящих; вход от 1 плательщиков на 22,000 KZT. Вне выборки потоки неизвестны."
100000008746449100,distributor,0.633333,4,0.583259,"Признаки распределения: 10 получателей, 10 переводов, исходящие 1,009,000 KZT."
100000008746673100,terminal,0.707797,22,0.281464,"Нет наблюдаемых исходящих; вход от 1 плательщиков на 53,048 KZT. Вне выборки потоки неизвестны."
100000008747113100,terminal,0.812421,10,0.699657,"Нет наблюдаемых исходящих; вход от 2 плательщиков на 197,801 KZT. Вне выборки потоки неизвестны."
100000008748408100,distributor,0.78,41,0.509955,"Признаки распределения: 21 получателей, 22 переводов, исходящие 1,499,960 KZT."
100000008748795100,terminal,0.688395,0,0.366234,"Нет наблюдаемых исходящих; вход от 1 плательщиков на 47,057 KZT. Вне выборки потоки неизвестны."
100000008748914100,distributor,0.673333,2,0.656428,"Признаки распределения: 13 получателей, 21 переводов, исходящие 4,471,847 KZT."
100000008749063100,terminal,0.591296,22,0.190569,"Нет наблюдаемых исходящих; вход от 1 плательщиков на 19,000 KZT. Вне выборки потоки неизвестны."
100000008749405100,terminal,0.666183,22,0.243734,"Нет наблюдаемых исходящих; вход от 1 плательщиков на 37,150 KZT. Вне выборки потоки неизвестны."
100000008749406100,terminal,0.580236,22,0.181965,"Нет наблюдаемых исходящих; вход от 1 плательщиков на 17,144 KZT. Вне выборки потоки неизвестны."
100000008749618100,terminal,0.689483,22,0.267705,"Нет наблюдаемых исходящих; вход от 1 плательщиков на 47,280 KZT. Вне выборки потоки неизвестны."
100000008749900100,terminal,0.580689,22,0.177645,"Нет наблюдаемых исходящих; вход от 1 плательщиков на 17,150 KZT. Вне выборки потоки неизвестны."
100000008749989100,terminal,0.57534,22,0.185534,"Нет наблюдаемых исходящих; вход от 1 плательщиков на 16,000 KZT. Вне выборки потоки неизвестны."
100000008750464100,terminal,0.527561,22,0.140258,"Нет наблюдаемых исходящих; вход от 1 плательщиков на 8,500 KZT. Вне выборки потоки неизвестны."
100000008751349100,terminal,0.549864,14,0.281164,"Нет наблюдаемых исходящих; вход от 1 плательщиков на 11,630 KZT. Вне выборки потоки неизвестны."
100000008751380100,terminal,0.849773,4,0.711016,"Нет наблюдаемых исходящих; вход от 2 плательщиков на 345,780 KZT. Вне выборки потоки неизвестны."
100000008751429100,consolidator,0.62,9,0.545202,"Признаки консолидации: 3 плательщиков, вход 386,200 KZT; исходящие 72,600 KZT."
100000008752616100,peripheral,0.2,4,0.757165,"Недостаточно признаков роли: входящих связей 2, исходящих 7, глубина 2."
100000008753061100,terminal,0.639801,22,0.222774,"Нет наблюдаемых исходящих; вход от 1 плательщиков на 28,400 KZT. Вне выборки потоки неизвестны."
100000008753193100,terminal,0.662466,22,0.245392,"Нет наблюдаемых исходящих; вход от 1 плательщиков на 35,225 KZT. Вне выборки потоки неизвестны."
100000008753897100,terminal,0.620308,22,0.207923,"Нет наблюдаемых исходящих; вход от 1 плательщиков на 24,050 KZT. Вне выборки потоки неизвестны."
100000008754608100,terminal,0.553853,22,0.158337,"Нет наблюдаемых исходящих; вход от 1 плательщиков на 12,300 KZT. Вне выборки потоки неизвестны."
100000008754747100,terminal,0.684225,22,0.258502,"Нет наблюдаемых исходящих; вход от 1 плательщиков на 45,500 KZT. Вне выборки потоки неизвестны."
100000008754997100,terminal,0.58767,22,0.18312,"Нет наблюдаемых исходящих; вход от 1 плательщиков на 18,000 KZT. Вне выборки потоки неизвестны."
100000008755168100,terminal,0.584859,22,0.180874,"Нет наблюдаемых исходящих; вход от 1 плательщиков на 17,600 KZT. Вне выборки потоки неизвестны."
100000008755361100,terminal,0.563282,22,0.168856,"Нет наблюдаемых исходящих; вход от 1 плательщиков на 14,627 KZT. Вне выборки потоки неизвестны."
100000008755580100,terminal,0.57534,22,0.173568,"Нет наблюдаемых исходящих; вход от 1 плательщиков на 16,000 KZT. Вне выборки потоки неизвестны."
100000008755754100,terminal,0.521306,24,0.163484,"Нет наблюдаемых исходящих; вход от 1 плательщиков на 7,000 KZT. Вне выборки потоки неизвестны."
100000008757301100,peripheral,0.2,0,0.454451,"Граница 4-го колена: вход 58,398 KZT, исходящие дальше не наблюдаются; роль получателя не доказана."
100000008757369100,peripheral,0.2,0,0.364636,"Недостаточно признаков роли: входящих связей 1, исходящих 1, глубина 3."
100000008758106100,peripheral,0.2,4,0.359456,"Граница 4-го колена: вход 10,000 KZT, исходящие дальше не наблюдаются; роль получателя не доказана."
100000008758168100,peripheral,0.2,46,0.728475,"Недостаточно признаков роли: входящих связей 2, исходящих 5, глубина 2."
100000008758607100,peripheral,0.2,4,0.336205,"Граница 4-го колена: вход 5,000 KZT, исходящие дальше не наблюдаются; роль получателя не доказана."
100000008759795100,peripheral,0.2,47,0.197265,"Граница 4-го колена: вход 17,000 KZT, исходящие дальше не наблюдаются; роль получателя не доказана."
100000008759857100,peripheral,0.2,46,0.391888,"Недостаточно признаков роли: входящих связей 1, исходящих 2, глубина 3."
100000008760098100,peripheral,0.2,46,0.370821,"Недостаточно признаков роли: входящих связей 1, исходящих 1, глубина 3."
100000008761132100,peripheral,0.2,4,0.359456,"Граница 4-го колена: вход 10,000 KZT, исходящие дальше не наблюдаются; роль получателя не доказана."
100000008761219100,peripheral,0.2,60,0.661055,"Недостаточно признаков роли: входящих связей 2, исходящих 2, глубина 3."
100000008761220100,peripheral,0.2,4,0.359456,"Граница 4-го колена: вход 10,000 KZT, исходящие дальше не наблюдаются; роль получателя не доказана."
100000008762005100,peripheral,0.2,4,0.337718,"Граница 4-го колена: вход 5,000 KZT, исходящие дальше не наблюдаются; роль получателя не доказана."
100000008762728100,terminal,0.579601,16,0.342232,"Нет наблюдаемых исходящих; вход от 1 плательщиков на 17,026 KZT. Вне выборки потоки неизвестны."
100000008762832100,peripheral,0.2,2,0.346588,"Недостаточно признаков роли: входящих связей 1, исходящих 1, глубина 2."
100000008762843100,peripheral,0.2,4,0.349294,"Граница 4-го колена: вход 7,000 KZT, исходящие дальше не наблюдаются; роль получателя не доказана."
100000008762885100,peripheral,0.2,4,0.349294,"Граница 4-го колена: вход 7,000 KZT, исходящие дальше не наблюдаются; роль получателя не доказана."
100000008763688100,terminal,0.606074,22,0.197025,"Нет наблюдаемых исходящих; вход от 1 плательщиков на 21,000 KZT. Вне выборки потоки неизвестны."
100000008764436100,terminal,0.558024,22,0.171797,"Нет наблюдаемых исходящих; вход от 1 плательщиков на 13,100 KZT. Вне выборки потоки неизвестны."
100000008764654100,terminal,0.632276,22,0.216648,"Нет наблюдаемых исходящих; вход от 1 плательщиков на 26,150 KZT. Вне выборки потоки неизвестны."
100000008765494100,terminal,0.618858,22,0.220228,"Нет наблюдаемых исходящих; вход от 1 плательщиков на 24,000 KZT. Вне выборки потоки неизвестны."
100000008765627100,terminal,0.717316,41,0.287636,"Нет наблюдаемых исходящих; вход от 1 плательщиков на 60,000 KZT. Вне выборки потоки неизвестны."
100000008766031100,peripheral,0.2,4,0.337006,"Граница 4-го колена: вход 5,000 KZT, исходящие дальше не наблюдаются; роль получателя не доказана."
100000008766764100,peripheral,0.2,4,0.336205,"Граница 4-го колена: вход 5,000 KZT, исходящие дальше не наблюдаются; роль получателя не доказана."
100000008767027100,terminal,0.505168,46,0.358129,"Нет наблюдаемых исходящих; вход от 1 плательщиков на 5,000 KZT. Вне выборки потоки неизвестны."
100000008767065100,terminal,0.539166,46,0.381647,"Нет наблюдаемых исходящих; вход от 1 плательщиков на 10,000 KZT. Вне выборки потоки неизвестны."
100000008767925100,terminal,0.580236,22,0.181965,"Нет наблюдаемых исходящих; вход от 1 плательщиков на 17,144 KZT. Вне выборки потоки неизвестны."
100000008767950100,terminal,0.58214,22,0.179041,"Нет наблюдаемых исходящих; вход от 1 плательщиков на 17,350 KZT. Вне выборки потоки неизвестны."
100000008768896100,terminal,0.688667,22,0.267128,"Нет наблюдаемых исходящих; вход от 1 плательщиков на 47,060 KZT. Вне выборки потоки неизвестны."
100000008769097100,terminal,0.652221,22,0.231761,"Нет наблюдаемых исходящих; вход от 1 плательщиков на 31,100 KZT. Вне выборки потоки неизвестны."
100000008769636100,terminal,0.612783,22,0.207045,"Нет наблюдаемых исходящих; вход от 1 плательщиков на 23,118 KZT. Вне выборки потоки неизвестны."
100000008770483100,peripheral,0.2,60,0.36796,"Граница 4-го колена: вход 5,000 KZT, исходящие дальше не наблюдаются; роль получателя не доказана."
100000008771627100,terminal,0.577425,22,0.187438,"Нет наблюдаемых исходящих; вход от 1 плательщиков на 16,500 KZT. Вне выборки потоки неизвестны."
100000008771814100,terminal,0.617135,22,0.218795,"Нет наблюдаемых исходящих; вход от 1 плательщиков на 23,700 KZT. Вне выборки потоки неизвестны."
100000008771819100,terminal,0.668812,22,0.251583,"Нет наблюдаемых исходящих; вход от 1 плательщиков на 38,900 KZT. Вне выборки потоки неизвестны."
100000008772058100,terminal,0.698187,22,0.28351,"Нет наблюдаемых исходящих; вход от 1 плательщиков на 50,000 KZT. Вне выборки потоки неизвестны."
100000008772246100,terminal,0.680689,22,0.255825,"Нет наблюдаемых исходящих; вход от 1 плательщиков на 44,500 KZT. Вне выборки потоки неизвестны."
100000008773876100,terminal,0.631278,22,0.220606,"Нет наблюдаемых исходящих; вход от 1 плательщиков на 26,120 KZT. Вне выборки потоки неизвестны."
100000008774237100,peripheral,0.2,34,0.289648,"Недостаточно признаков роли: входящих связей 1, исходящих 1, глубина 2."
100000008775471100,terminal,0.876972,46,0.630282,"Нет наблюдаемых исходящих; вход от 1 плательщиков на 580,000 KZT. Вне выборки потоки неизвестны."
100000008775747100,peripheral,0.2,4,0.336205,"Граница 4-го колена: вход 5,000 KZT, исходящие дальше не наблюдаются; роль получателя не доказана."
100000008776298100,terminal,0.67806,22,0.258875,"Нет наблюдаемых исходящих; вход от 1 плательщиков на 42,800 KZT. Вне выборки потоки неизвестны."
100000008776310100,terminal,0.592112,22,0.186564,"Нет наблюдаемых исходящих; вход от 1 плательщиков на 19,200 KZT. Вне выборки потоки неизвестны."
100000008776420100,terminal,0.727017,22,0.292988,"Нет наблюдаемых исходящих; вход от 1 плательщиков на 69,500 KZT. Вне выборки потоки неизвестны."
100000008776576100,terminal,0.563826,22,0.169507,"Нет наблюдаемых исходящих; вход от 1 плательщиков на 14,765 KZT. Вне выборки потоки неизвестны."
100000008776720100,terminal,0.632276,22,0.216648,"Нет наблюдаемых исходящих; вход от 1 плательщиков на 26,150 KZT. Вне выборки потоки неизвестны."
100000008777088100,terminal,0.58767,22,0.187657,"Нет наблюдаемых исходящих; вход от 1 плательщиков на 18,000 KZT. Вне выборки потоки неизвестны."
100000008778010100,peripheral,0.2,22,0.346269,"Граница 4-го колена: вход 76,950 KZT, исходящие дальше не наблюдаются; роль получателя не доказана."
100000008778753100,peripheral,0.2,13,0.292761,"Граница 4-го колена: вход 10,000 KZT, исходящие дальше не наблюдаются; роль получателя не доказана."
100000008779584100,terminal,0.652856,22,0.237562,"Нет наблюдаемых исходящих; вход от 1 плательщиков на 31,400 KZT. Вне выборки потоки неизвестны."
100000008782056100,terminal,0.641976,22,0.229384,"Нет наблюдаемых исходящих; вход от 1 плательщиков на 29,082 KZT. Вне выборки потоки неизвестны."
100000008782421100,terminal,0.694198,22,0.271675,"Нет наблюдаемых исходящих; вход от 1 плательщиков на 49,680 KZT. Вне выборки потоки неизвестны."
100000008782800100,terminal,0.678785,22,0.25964,"Нет наблюдаемых исходящих; вход от 1 плательщиков на 43,381 KZT. Вне выборки потоки неизвестны."
